Payqa challwata mikunanpaq, charinanpaq hatun sachakunapitami yakuman pawaypa pintiykur yaku rurinchaw challwata piikunwan tsarin.	Martín pescador para pescar se lanza desde la rama de un árbol o arbusto y se zambulla dentro del agua para coger con su pico al pescado.	MP-ASH-088	[['pay[PRON.Prs]+qa[Top]'], ['challwa[N]+ta[Obj]'], ['miku[VTr]+na[Nec](N)+n[Poss.3]+paq[Ben]'], ['chaa[VTr]+rI[Pct]+na[Nec](N)+n[Poss.3]+paq[Ben]'], ['hatun[ADJ]'], ['sacha[N]+kuna[Pl]+pita[Abl]+mi[Asrt]'], ['yaku[N]+man[Dat]'], ['pawa[VInt]+y[Inf]+pa[Man](ADV)'], ['pinti[VInt]+yku[Intens]+r[Cnv](N)'], ['yaku[N]'], ['ruri[N]+n[Poss.3]+chaw[Loc]'], ['challwa[N]+ta[Obj]'], ['piiku[N]+n[Poss.3]+wan[Com]'], ['tsari[VTr]+n[3]']]
Tsaypitanash wayinman aywakunaq kastankunapita despidikuqnin y testamentukuqnin.	Después fue a despedirse de su familia y hacer su testamento.	ARQA-1996-50	[['tsay[PRON]+pita[Abl]+na[Acp]+shi[Nfh]'], ['wayi[N]+n[Poss.3]+man[Dat]'], ['aywa[VTr]+kU[Refl/Mid]+naq[Rpst]'], ['kasta[N]+n[Poss.3]+kuna[Pl]+pita[Abl]'], ['despidi[V]+kU[Refl/Mid]+q[Agt]+n[Poss.3]'], ['y[CCONJ]'], ['testamentu[N]ku[Refl/Mid]+q[Agt]+n[Poss.3]']]
—Kananpita witsaypaqa, nuqam kay markachaw pwediq mandakuq kaa —nishpa.	—De hoy en adelante, yo soy el que manda en este pueblo.	ARQA-1996-04	[['kanan[ADV]+pita[Abl]'], ['witsay[N]+pa[Man]+qa[Top]'], ['nuqa[PRON.Prs]+mi[Asrt]'], ['kay[DET]'], ['marka[N]+chaw[Loc]'], ['pwedi[VTr]+q[Agt]'], ['manda[V]ku[Refl/Mid]+q[Agt]'], ['ka[AUX]+ː[1]'], ['ni[VTr]+shpa[Grd]']]
Ni tsaypis tinkurqunaqtsu pachak kilumanqa.	Ni eso alcanzó para los cien kilos.	CRH-98-115	[['ni[CCONJ]'], ['tsay[PRON]+pis[Coord]'], ['tinku[VInt]+rqu[RecPst][3]+naq[Rpst]+tsu[Neg]'], ['pachak[NUM.Card]'], ['kilu[N]+man[Dat]+qa[Top]']]
Tsayna kostal hitaraykaqmanqa huk awkisna mitsikuykanqanta chaarir haytarinaq, “Imaraq kay kostalchaw.” nishpa.	Entonces un viejo pastor llegó donde el costal estaba botado y lo pateó diciendo, “¿Qué habrá en este costal.”	CRH-96-066	[['tsayna[ADV]'], ['kostal[N]'], ['hita[VTr]+raA[Dur]+YkaA[Prog]+q[Agt]+man[Dat]+qa[Top]'], ['huk[DET]'], ['awkis[N]+na[Acp]'], ['mitsi[VTr]+kU[Refl/Mid]+YkaA[Prog]+nqa[Sub](N)+n[Poss.3]+ta[Obj]'], ['chaa[VTr]+rI[Pct]+r[Cnv](N)'], ['hayta[VTr]+rI[Pct]+naq[Rpst]'], ['ima[PRON]+raq[Inacp]'], ['kay[DET]'], ['kostal[N]+chaw[Loc]'], ['ni[VTr]+shpa[Grd]']]
Albañilwan kontratu rurayanqaaqa masna serkaramurqan i tsaynawlla kada bes nimarqan.	El día que hablamos fijado en el contrato con el albañil se acercaba y el prefecto seguía diciéndome lo mismo cada vez.	CRH-03-319	[['albañil[N]+wan[Com]'], ['kontratu[N]'], ['rura[VTr]+yaA[Pl]+nqa[Sub](N)+ː[Poss.1Sg]+qa[Top]'], ['mas[ADV]na[Acp]'], ['serka[VInt]+rI[Pct]+mu[Cis]+rqa[Pst]+n[3]'], ['i[CCONJ]'], ['tsay[PRON]+naw[Equ]+llaA[Lim]'], ['kada[DET]'], ['bes[N]'], ['ni[VTr]+maA[1.Obj]+rqa[Pst]+n[3]']]
I riwarayaamuu limpu tardina.	Pero cuando nos despertamos era muy tarde.	CRH-07-476	[['i[CCONJ]'], ['riwa[VInt]+rI[Pct]+yaA[Pl]+mu[Cis]+ː[1]'], ['limpu[ADV]'], ['tardi[N]+na[Acp]']]
Paytanam qurqaa qillaynin arukaramunanpaq.	Le di dinero para cocinar.	CRH-06-215	[['pay[PRON.Prs]+ta[Obj]+na[Acp]+mi[Asrt]'], ['qu[VTr]+rqa[Pst]+ː[1]'], ['qillay[N]+n[Poss.3]'], ['aru[VTr]+kU[Refl/Mid]+rI[Pct]+mu[Cis]+na[Nec](N)+n[Poss.3]+paq[Ben]']]
Mamaa llullunpa piqanta awin quñuq yakuwan	Mi madre enjuaga la cabeza de su bebé con agua caliente.	DIC-MINEDU-2005-524	[['mama[N]+ː[Poss.1Sg]'], ['llullu[N]+n[Poss.3]+pa[Gen]'], ['piqa[N]+n[Poss.3]+ta[Obj]'], ['awi[VTr]+n[3]'], ['quñuq[ADJ]'], ['yaku[N]+wan[Com]']]
Kananqa parqun ishkay killa.	Ahora riega por dos meses.	CRH-30-083	[['kanan[ADV]+qa[Top]'], ['parqu[VTr]+n[3]'], ['ishkay[NUM.Card]'], ['killa[N]']]
Tsaynam diskulpakurqan, “Manam ni pi kichayaamarqatsu,” niyaptii.	Entonces él se disculpó cuando le dijimos que nadie nos abrió.	CRH-07-122	[['tsayna[ADV]+mi[Asrt]'], ['diskulpa[V]+ku[Refl/Mid]+rqa[Pst]+n[3]'], ['mana[ADV]+mi[Asrt]'], ['ni[CCONJ]'], ['pi[PRON]'], ['kicha[VTr]+yaA[Pl]+maA[1.Obj]+rqa[Pst][3]+tsu[Neg]'], ['ni[VTr]+yaA[Pl]+pti[Cnv](N)+ː[Poss.1Sg]']]
I belaqa upiriq.	La vela se apagó.	CRH-33-012	[['i[CCONJ]'], ['bela[N]+qa[Top]'], ['upi[VInt]+rI[Pct]+q[Hab]']
I tullpankuna kima rumi churashqa patsallachaw.	Y sus fogones son tres piedras puestas en la tierra.	CRH-08-035	[['i[CCONJ]'], ['tullpa[N]+n[Poss.3]+kuna[Pl]'], ['kima[NUM.Card]'], ['rumi[N]'], ['chura[VTr]+shqa[Prf](N)'], ['patsa[N]+lla[Lim]+chaw[Loc]']]
Kananqa manam ni imata wiyayta munaatsu.	Ahora ya no quiero oír nada más.	CRH-95-117	[['kanan[ADV]+qa[Top]'], ['mana[ADV]+mi[Asrt]'], ['ni[CCONJ]'], ['ima[PRON]+ta[Obj]'], ['wiya[VTr]+y[Inf]+ta[Obj]'], ['muna[VTr]+ː[1]+tsu[Neg]']]
Tsaychaw andasman watayan.	Allí lo amarran al anda.	CRH-06-492	[['tsay[PRON]+chaw[Loc]'], ['andas[N]+man[Dat]'], ['wata[VTr]+yaA[Pl]+n[3]']]
Hirkatam yana pukutay tsaparamun	El nubarrón cubre el cerro.	DIC-MINEDU-2005-852	[['hirka[N]+ta[Obj]+mi[Asrt]'], ['yana[ADJ]'], ['pukutay[N]'], ['tsapa[VTr]+rI[Pct]+mu[Cis]+n[3]']]
Hina unay qayakurqunaq.	Siguió llamando largo rato.	CRH-98-130	[['hina[ADV]'], ['unay[N]'], ['qaya[VTr]+kU[Refl/Mid]+rqu[RecPst][3]+naq[Rpst]']]
Hukman aywayaq hina tsaynawlla.	Fueron todavía a otro, con el mismo resultado.	CRH-32-085	[['huk[NUM.Card]+man[Dat]'], ['aywa[VTr]+yaA[Pl]+q[Hab]'], ['hina[ADV]'], ['tsay[PRON]+naw[Equ]+llaA[Lim]']]
Hina misaqa kada killam.	Seguía celebrándose la misa cada mes.	CRH-09-067	[['hina[ADV]'], ['misa[N]+qa[Top]'], ['kada[DET]'], ['killa[N]+mi[Asrt]']]
Kasamyentu ushariptin, padrinu apan wayinman nobyukunata i llapan basallukunata chaaratsir, qaran desayunuta.	Después del matrimonio, el padrino lleva los novios a su casa y cuando ha traído todo el cortejo les da desayuno.	CRH-31-004	[['kasamyentu[N]'], ['usha[VTr]+rI[Pct]+pti[Cnv](N)+n[Poss.3]'], ['padrinu[N]'], ['apa[VTr]+n[3]'], ['wayi[N]+n[Poss.3]+man[Dat]'], ['nobyu[N]+kuna[Pl]+ta[Obj]'], ['i[CCONJ]'], ['llapan[ADJ]'], ['basallu[N]+kuna[Pl]+ta[Obj]'], ['chaa[VTr]+rI[Pct]+tsi[Fact]+r[Cnv](N)'], ['qara[VTr]+n[3]'], ['desayunu[N]+ta[Obj]']]
Peru puwaq watachaw limpunam alliyarqan, segidu konfesakuyaptii.	Pero en los ocho años se mejoró bastante, ya que nos confesamos frecuentemente.	CRH-17-139	[['peru[CCONJ]'], ['puwaq[NUM.Card]'], ['wata[N]+chaw[Loc]'], ['limpu[ADV]+na[Acp]+mi[Asrt]'], ['alli[ADJ]+yaA[Transf](VInt)+rqa[Pst]+n[3]'], ['segidu[ADV]'], ['konfesa[V]+kU[Refl/Mid]+yaA[Pl]+pti[Cnv](N)+ː[Poss.1Sg]']]
Wamrakuna pukllayan makinkunawan.	Los niños juegan con las manos.	DIC-MINEDU-2005-279	[['wamra[N]+kuna[Pl]'], ['puklla[VTr]+yaA[Pl]+n[3]'], ['maki[N]+n[Poss.3]+kuna[Pl]+wan[Com]']]
Bandankunanam tokayan shumaq waynuta 'Ayrampita' nishqanta.	Su banda tocó el huayno bonito llamado 'Ayrampita'.	CRH-07-349	[['banda[N]+n[Poss.3]+kuna[Pl]+na[Acp]+mi[Asrt]'], ['toka[V]+yaA[Pl]+n[3]'], ['shumaq[ADJ]'], ['waynu[N]+ta[Obj]'], ['ayrampita[PROPN]'], ['ni[VTr]+shqa[Prf](N)+n[Poss.3]+ta[Obj]']]
Tsaychawmi huk nuna kaykaanaq.	Había un hombre allí.	CRH-06-179	[['tsay[PRON]+chaw[Loc]+mi[Asrt]'], ['huk[DET]'], ['nuna[N]'], ['ka[AUX]+YkaA[Prog]+naq[Rpst]']]
Chakrapa qurpanchawmi kiswarta murushaq	Sembraré quishuar en el límite de la chacra.	DIC-MINEDU-2005-530	[['chakra[N]+pa[Gen]'], ['qurpa[N]+n[Poss.3]+chaw[Loc]+mi[Asrt]'], ['kiswar[N]+ta[Obj]'], ['muru[VTr]+shaq[Fut.1]']]
Tsaywanmi rantiyarquu 130 kintalos yesuta.	Con eso hemos comprado 130 quintales de yeso.	CRH-03-412	[['tsay[PRON.Dem]+wan[Com]+mi[Asrt]'], ['ranti[VTr]+yaA[Pl]+rqu[RecPst]+ː[1]'], '130[Num]', ['kintalos[N]'], ['yesu[N]+ta[Obj]']]
Kuta Kancha uraychawnam churayarqan planta concentradora nishqanta, Tampu Mayupa yakunta apaykurnin.	y más abajo, junto a las chacras de los cutacanchinos instalaron una concentradora que decían aprovechando las aguas del río Tampu para su molino.	AKH-218	[['kuta[PROPN]'], ['kancha[PROPN]'], ['uray[N]+chaw[Loc]+na[Acp]+mi[Asrt]'], ['chura[VTr]+yaA[Pl]+rqa[Pst]+n[3]'], ['planta[N]'], ['concentradora[N]'], ['ni[VTr]+shqa[Prf](N)+n[Poss.3]+ta[Obj]'], ['tampu[N]'], ['mayu[N]+pa[Gen]'], ['yaku[N]+n[Poss.3]+ta[Obj]'], ['apa[VTr]+yku[Intens]+r[Cnv](N)+n[Poss.3]']]
Punkuta kichariptin, quwan yaykurinaq.	Cuando abrió la puerta, su esposo entró.	CRH-96-014	[['punku[N]+ta[Obj]'], ['kicha[VTr]+rI[Pct]+pti[Cnv](N)+n[Poss.3]'], ['quwa[N]+n[Poss.3]'], ['yayku[VTr]+rI[Pct]+naq[Rpst]']]
Huk restawrantillachawnam rogaypa quyaamarqan cafellatana.	En un restaurante después de muchas súplicas nos dieron café no más.	CRH-07-163	[['huk[DET]'], ['restawranti[N]+llaA[Lim]+chaw[Loc]+na[Acp]+mi[Asrt]'], ['roga[V]+y[Inf]+pa[Man]'], ['qu[VTr]+yaA[Pl]+maA[1.Obj]+rqa[Pst]+n[3]'], ['cafe[N]+llaA[Lim]+ta[Obj]+na[Acp]']]
Tsaymi Warasman chaayaamurqaa las sinku de la tardi.'	Entonces llegamos a Huaraz a las cinco de la tarde.	CRH-06-612	[['tsay[PRON]+mi[Asrt]'], ['waras[PROPN]+man[Dat]'], ['chaa[VTr]+yaA[Pl]+mu[Cis]+rqa[Pst]+ː[1]'], ['las[DET]'], ['sinku[NUM.Card]'], ['de[ADP]'], ['la[DET]'], ['tardi[N]']]
I felismente chaariyarqaa Ayhaman.	Y felizmente llegamos a Aija.	CRH-06-414	[['i[CCONJ]'], ['felismente[ADV]'], ['chaa[VTr]+rI[Pct]+yaA[Pl]+rqa[Pst]+ː[1]'], ['ayha[PROPN]+man[Dat]']]
Yachay wayichawmi wamrakunata yachatsikuq kikintsaykan	En la escuela el profesor identifica a los alumnos	DIC-MINEDU-2005-187	[['yachay[N]'], ['wayi[N]+chaw[Loc]+mi[Asrt]'], ['wamra[N]+kuna[Pl]+ta[Obj]'], ['yachatsikuq[N]'], ['kikin[PRON]+tsaA[Transl]+ykaA[Prog]+n[3]']]
Tsaytaman warmikuna putskayan tramata shumaq parehulla.	A ésa las mujeres hilan la trama, bien parejo.	CRH-23-006	[['tsay[PRON]+ta[Obj]+man[Dat]'], ['warmi[N]+kuna[Pl]'], ['putska[VTr]+yaA[Pl]+n[3]'], ['trama[N]+ta[Obj]'], ['shumaq[ADV]'], ['parehu[ADJ]+llaA[Lim]']]
Allaapa eskasum karu.	Los carros son muy escasos.	CRH-06-512	[['allaapa[N]', 'allaapa[ADV]'], ['eskasum[UNK]'], ['karu[ADJ]', 'karu[N]']]
Yapayna nirqunaq, “Ayway montita.	Otra vez le dijo, “Vete al monte.	CRH-98-037	[['yapa[VTr]+y[Imp.2]+na[Acp]', 'yapa[VTr]+y[Inf]+na[Acp]', 'yapay[ADV]+na[Acp]'], ['ni[VTr]+rqu[RecPst][3]+naq[Rpst]'], ['aywa[VTr]+y[Imp.2]', 'aywa[VTr]+y[Inf]'], ['monti[N]+ta[Obj]']]
Syempri watukaraykayaamanki.	De vez en cuando nos han de visitar.	CRH-95-095	[['syempri[ADV]'], ['watuka[VTr]+rI[Pct]+yku[Intens]+yaA[Pl]+maA[1.Obj]+nki[2]', 'watuka[VTr]+rI[Pct]+yku[Intens]+yaA[Pl]+maA[1.Obj]+nki[2.Sbj]', 'watuka[VTr]+rI[Pct]+YkaA[Prog]+yaA[Pl]+maA[1.Obj]+nki[2]', 'watuka[VTr]+rI[Pct]+YkaA[Prog]+yaA[Pl]+maA[1.Obj]+nki[2.Sbj]', 'watuka[VTr]+raA[Dur]+yku[Intens]+yaA[Pl]+maA[1.Obj]+nki[2]', 'watuka[VTr]+raA[Dur]+yku[Intens]+yaA[Pl]+maA[1.Obj]+nki[2.Sbj]', 'watuka[VTr]+raA[Dur]+YkaA[Prog]+yaA[Pl]+maA[1.Obj]+nki[2]', 'watuka[VTr]+raA[Dur]+YkaA[Prog]+yaA[Pl]+maA[1.Obj]+nki[2.Sbj]']]
Tsaynaw kaptinshi hichakacharkuq lichita, kiisutapis. 	Tanto ganado tenía que desperdiciaba la leche y los quesos.	CP-19-015	[['tsaynaw[ADV]'], ['ka[AUX]+pti[Cnv](N)+n[Poss.3]+shi[Nfh]'], ['hicha[VTr]+kachaA[Iter]+rku[Edu]+q[1.Sbj][2.Obj]', 'hicha[VTr]+kachaA[Iter]+rku[Edu]+q[Hab]', 'hicha[VTr]+kachaA[Iter]+rku[Edu]+q[Agt]'], ['lichita[UNK]'], ['kiisutapis[UNK]'], ['[UNK]']]
Kikinllapaqqa kusa shumaq.	Para ella la comida era muy rica.	CRH-107-064	[['kiki[PRON.Refl]+n[Poss.3]+llaA[Lim]+paq[Ben]+qa[Top]'], ['kusa[ADV]'], ['shumaq[ADJ]']]
Apariq mitaqkuna, waskakunawan, qaratsa pikshakunawan apayaq rumi rumintin qillayniita, españakunapa mulinunkunaman, hornunkunaman, hatun wayi ingeniu nishqan kutakancha uranin Tampu mayu kunchunkama.	Los mitayos apires o cargadores, con sus sogas y capachos de cuero cargaban el mineral hasta los molinos y hornos del ingenio, más abajo de Cuta Cancha junto al río Tampu.	AKH-119	[['apa[VTr]+rI[Pct]+q[1.Sbj][2.Obj]', 'apa[VTr]+rI[Pct]+q[Hab]', 'apa[VTr]+rI[Pct]+q[Agt]', 'apari[VTr]+q[1.Sbj][2.Obj]', 'apari[VTr]+q[Hab]', 'apari[VTr]+q[Agt]'], ['mitaqkuna[UNK]'], ['waska[N]+kuna[Pl]+wan[Com]'], ['qaratsa[N]'], ['piksha[N]+kuna[Pl]+wan[Com]'], ['apa[VTr]+yaA[Pl]+q[1.Sbj][2.Obj]', 'apa[VTr]+yaA[Pl]+q[Hab]', 'apa[VTr]+yaA[Pl]+q[Agt]'], ['rumi[N]'], ['rumi[N]+ntin[Tot]'], ['qillay[N]+ː[Poss.1Sg]+ta[Obj]'], ['españakunapa[UNK]'], ['mulinu[N]+n[Poss.3]+kuna[Pl]+man[Dat]'], ['hornu[N]+n[Poss.3]+kuna[Pl]+man[Dat]'], ['hatun[ADJ]'], ['wayi[N]'], ['ingeniu[UNK]'], ['ni[VTr]+shqa[Prf](N)+n[Poss.3]'], ['kutakancha[UNK]'], ['uranin[UNK]'], ['tampu[UNK]'], ['mayu[N]'], ['kunchunkama[UNK]']]
Tsaymi qallanan witsayqa alli abansayaamurqaa.	Entonces en el principio avanzamos bien.	CRH-01-022	[['tsaymi[ADV]'], ['qalla[VTr]+na[Nec](N)+n[Poss.3]', 'qalla[VTr]+naA[Prosp]+n[3]'], ['witsa[VTr]+y[Imp.2]+qa[Top]', 'witsa[VTr]+y[Inf]+qa[Top]', 'witsay[N]+qa[Top]'], ['alli[ADJ]', 'alli[ADV]'], ['abansa[V]+yaA[Pl]+mu[Cis]+rqa[Pst]+ː[1]']]
Kanannam warmipa quwan nirqunaq posadakuq nunata, “Tsay qara rantikaykamuy.	Ahora el esposo de la mujer dijo al huésped, “Véndeme ese cuero.	CRH-96-030	[['ka[AUX]+na[Nec](N)+n[Poss.3]+na[Acp]+mi[Asrt]', 'ka[AUX]+naA[Prosp]+n[3]+na[Acp]+mi[Asrt]', 'kanan[ADV]+na[Acp]+mi[Asrt]'], ['warmi[N]+pa[Man]', 'warmi[N]+pa[Prol]', 'warmi[N]+pa[Gen]'], ['quwa[N]+n[Poss.3]'], ['ni[VTr]+rqu[RecPst][3]+naq[Rpst]'], ['posada[VTr]+kU[Refl/Mid]+q[1.Sbj][2.Obj]', 'posada[VTr]+kU[Refl/Mid]+q[Hab]', 'posada[VTr]+kU[Refl/Mid]+q[Agt]'], ['nuna[N]+ta[Obj]'], ['tsay[DET]'], ['qara[N]'], ['ranti[VTr]+YkaA[Prog]+yku[Intens]+mu[Cis]+y[Imp.2]', 'ranti[VTr]+kU[Refl/Mid]+yku[Intens]+mu[Cis]+y[Imp.2]', 'ranti[VTr]+kU[Refl/Mid]+YkaA[Prog]+mu[Cis]+y[Imp.2]', 'ranti[VTr]+kaA[Pass]+yku[Intens]+mu[Cis]+y[Imp.2]', 'ranti[VTr]+kaA[Pass]+YkaA[Prog]+mu[Cis]+y[Imp.2]']]
Metal waskawanran, kadena nishqanwanran, mana aywakuyaananpaq wakin piñakuqnaw kaqtananaaqa wataraatsiyaq.	Con cadenas metálicas o con sogas fuertes sujetaban a los que se mostraban rebeldes para que no huyeran.	AKH-118	[['metal[UNK]'], ['waska[N]+wan[Com]+ran[Inacp]'], ['kadena[N]'], ['ni[VTr]+shqa[Prf](N)+n[Poss.3]+wan[Com]+ran[Inacp]'], ['mana[ADV]', 'mana[INTJ]'], ['aywa[VTr]+kU[Refl/Mid]+yaA[Pl]+na[Nec](N)+n[Poss.3]+paq[Ben]'], ['wakin[ADJ]', 'wakin[PRON.Interr]', 'wakin[PRON]'], ['piña[VTr]+kU[Refl/Mid]+q[Agt]+naw[Equ]', 'piñaku[VInt]+q[Agt]+naw[Equ]'], ['kaqtananaaqa[UNK]'], ['wata[VTr]+raA[Dur]+tsi[Fact]+yaA[Pl]+q[1.Sbj][2.Obj]', 'wata[VTr]+raA[Dur]+tsi[Fact]+yaA[Pl]+q[Hab]', 'wata[VTr]+raA[Dur]+tsi[Fact]+yaA[Pl]+q[Agt]']]
I restawrantichawna senayarqaa ishkaa.	Y cenamos los dos en el restaurante.	CRH-06-021	[['i[CCONJ]'], ['restawranti[N]+chaw[Loc]+na[Acp]'], ['sena[V]+yaA[Pl]+rqa[Pst]+ː[1]'], ['ishka[N]+ː[Poss.1Sg]', 'ishka[VInt]+ː[1]', 'ishka[NUM]+ː[Poss.1Sg](Pron.Sets)']]
Despwesnam shayaamurqaa i chaarayaamuu Karwasman las kwatruna.	Después vinimos y llegamos a Carhuaz a las cuatro.	CRH-06-196	[['despwes+na[Acp]+mi[Asrt]'], ['shaa[VInt]+yaA[Pl]+mu[Cis]+rqa[Pst]+ː[1]'], ['i[CCONJ]'], ['chaa[VTr]+rI[Pct]+yaA[Pl]+mu[Cis]+ː[1]'], ['karwas[PROPN]+man[Dat]'], ['las[DET]'], ['kwatru[NUM.Card]+na[Acp]']]
Imanawmi tsay rumikunachaw chipapaykuq qillaynii.	Cómo brillaba mi plata en esas piedras.	AKH-303	[['imanaw[ADV]+mi[Asrt]'], ['tsay[DET]'], ['rumi[N]+kuna[Pl]+chaw[Loc]'], ['chipapaykuq[UNK]'], ['qillay[N]+ː[Poss.1Sg]']]
Tsay diya hunaq gringuwan almorsakurishun.”	Ese día vamos a almorzar con el gringo.”	CRH-95-020	[['tsay[DET]'], ['diya[N]'], ['hunaq[N]'], ['gringu[N]+wan[Com]'], ['almorsa[VInt]+kU[Refl/Mid]+rI[Pct]+shun[Imp.1Pl.Inc]', 'almorsa[VInt]+kU[Refl/Mid]+rI[Pct]+shun[Fut][1Pl.Inc]']]
Tsaypitanam aywarqaa padre Jaramillo ashiq i tarikurqaa Rekwayllachaw.	Después fui a buscar al padre Jaramillo y lo encontré en Recuay no más.	CRH-06-527	[['tsaypita[ADV]+na[Acp]+mi[Asrt]'], ['aywa[VTr]+rqa[Pst]+ː[1]'], ['padre[UNK]'], ['jaramillo[UNK]'], ['ashi[VTr]+q[1.Sbj][2.Obj]', 'ashi[VTr]+q[Hab]', 'ashi[VTr]+q[Agt]'], ['i[CCONJ]'], ['tari[VTr]+yku[Intens]+rqa[Pst]+ː[1]', 'tari[VTr]+kU[Refl/Mid]+rqa[Pst]+ː[1]'], ['rekway[PROPN]+llaA[Lim]+chaw[Loc]']]
Tsay aywaraykarnam naanitana pantakuykuyaa i aywakuyaanaq kayaa huk ladupa.	Yendo por allí nos equivocamos el camino y fuimos por otro lado.	CRH-05-029	[['tsay[DET]'], ['aywa[VTr]+rI[Pct]+YkaA[Prog]+r[Cnv](N)+na[Acp]+mi[Asrt]', 'aywa[VTr]+raA[Dur]+YkaA[Prog]+r[Cnv](N)+na[Acp]+mi[Asrt]'], ['naani[N]+ta[Obj]+na[Acp]'], ['panta[VTr]+kU[Refl/Mid]+yku[Intens]+yaA[Pl]+ː[1]'], ['i[CCONJ]'], ['aywa[VTr]+kU[Refl/Mid]+yaA[Pl]+naq[Rpst]'], ['ka[AUX]+yaA[Pl]+ː[1]', 'kaya[VTr]+ː[1]'], ['huk[NUM.Card]', 'huk[DET]'], ['ladu[N]+pa[Man]', 'ladu[N]+pa[Prol]', 'ladu[N]+pa[Gen]']]
Ichik allqum kaniman	El perro pequeño me muerde	DIC-MINEDU-2005-129	[['ichik[ADJ]'], ['allqu[N]+mi[Asrt]'], ['kani[VTr]+maA[1.Obj]+n[3]', 'kani[VTr]+maA[1.Obj]+n[3.Sbj]']]
Tsaynam chaarirqaa Hotel Suiza Peruanaman.	Así llegué al Hotel Suiza Peruana.	CRH-06-148	[['tsayna[ADV]+mi[Asrt]'], ['chaa[VTr]+rI[Pct]+rqa[Pst]+ː[1]'], ['hotel[UNK]'], ['suiza[UNK]'], ['peruanaman[UNK]']]
Limapis patriotakunapa makinchawnam.	También Lima ya está en manos de los patriotas.	AKH-199	[['lima[N]+pis[Coord]', 'lima[PROPN]+pis[Coord]'], ['patriotakunapa[UNK]'], ['maki[N]+n[Poss.3]+chaw[Loc]+na[Acp]+mi[Asrt]']]
Tsayta ashtariykurmi qallaykuyarqaa kapillata tuqlir.	Después de llevarlo, empezamos desarmando (el techo de) la iglesia.	CRH-03-251	[['tsay[PRON.Dem]+ta[Obj]'], ['ashta[VTr]+rI[Pct]+yku[Intens]+r[Cnv](N)+mi[Asrt]'], ['qalla[VTr]+yku[Intens]+yaA[Pl]+rqa[Pst]+ː[1]'], ['kapilla[N]+ta[Obj]'], ['tuqli[VTr]+r[Cnv](N)']]
Tsayta aywaraykarmi huk kurbachaw paseta qunakuyashqanta, nuqakuna aywayashqa qarimparirqaa, nuqa taarashqaa laduman.	Mientras íbamos allí, en una curva cuando dimos pase a otro carro, nosotros caímos a un lado, al lado donde yo estaba sentado.	CRH-07-089	[['tsay[PRON.Dem]+ta[Obj]'], ['aywa[VTr]+rI[Pct]+YkaA[Prog]+r[Cnv](N)+mi[Asrt]', 'aywa[VTr]+raA[Dur]+YkaA[Prog]+r[Cnv](N)+mi[Asrt]'], ['huk[NUM.Card]', 'huk[DET]'], ['kurbachaw[UNK]'], ['paseta[UNK]'], ['qu[VTr]+nakU[Recp]+yaA[Pl]+shqa[Prf](N)+n[Poss.3]+ta[Obj]', 'qu[VTr]+naA[Prosp]+kU[Refl/Mid]+yaA[Pl]+shqa[Prf](N)+n[Poss.3]+ta[Obj]'], ['nuqakuna[PRON.Prs]'], ['aywa[VTr]+yaA[Pl]+shqa[Prf](N)'], ['qarimparirqaa[UNK]'], ['nuqa[PRON.Prs]'], ['taa[VInt]+rI[Pct]+shqa[Prf](N)+ː[Poss.1Sg]', 'taa[VInt]+raA[Dur]+shqa[Prf](N)+ː[Poss.1Sg]'], ['ladu[N]+man[Dat]']]
Tsaypitanam qayaramurqan padre Jorgita.	De allí llamó al padre Jorge.	CRH-07-020	[['tsaypita[ADV]+na[Acp]+mi[Asrt]'], ['qaya[VTr]+rI[Pct]+mu[Cis]+rqa[Pst]+n[3]'], ['padre[UNK]'], ['jorgita[UNK]']]
I tsaynawllam karqan alli unay.	Y así no más quedó mucho tiempo.	CRH-03-193	[['i[CCONJ]'], ['tsaynaw[ADV]+llaA[Lim]+mi[Asrt]'], ['ka[AUX]+rqa[Pst]+n[3]'], ['alli[ADJ]', 'alli[ADV]'], ['unay[N]']]
Tsaynawparan tsaypita kutikamurqaa.	Así regresé de allí.	CRH-06-511	[['tsaynawparan[UNK]'], ['tsaypita[ADV]'], ['kuti[VInt]+yku[Intens]+mu[Cis]+rqa[Pst]+ː[1]', 'kuti[VInt]+YkaA[Prog]+mu[Cis]+rqa[Pst]+ː[1]', 'kuti[VInt]+kU[Refl/Mid]+mu[Cis]+rqa[Pst]+ː[1]', 'kuti[VInt]+kaA[Pass]+mu[Cis]+rqa[Pst]+ː[1]']]
Unay shuyaraykaptii, porfin yurikamur huk kolektibu Wallankaman, tsaywanmi shamuykuyarqaa alli shuyni limpu polvaderawan tsapashqa.	Después de esperar largo rato, por fin llegó un colectivo que iba a Huallanca y con ese carro fuimos, completamente cubiertos de polvo.	CRH-06-042	[['unay[N]'], ['shuya[VTr]+rI[Pct]+YkaA[Prog]+pti[Cnv](N)+ː[Poss.1Sg]', 'shuya[VTr]+raA[Dur]+YkaA[Prog]+pti[Cnv](N)+ː[Poss.1Sg]'], ['porfin'], ['yuri[VInt]+yku[Intens]+mu[Cis]+r[Cnv](N)', 'yuri[VInt]+YkaA[Prog]+mu[Cis]+r[Cnv](N)', 'yuri[VInt]+kU[Refl/Mid]+mu[Cis]+r[Cnv](N)', 'yuri[VInt]+kaA[Pass]+mu[Cis]+r[Cnv](N)'], ['huk[NUM.Card]', 'huk[DET]'], ['kolektibu[N]'], ['wallankaman[UNK]'], ['tsay[PRON.Dem]+wan[Com]+mi[Asrt]'], ['shamu[VTr]+yku[Intens]+yaA[Pl]+rqa[Pst]+ː[1]'], ['alli[ADJ]', 'alli[ADV]'], ['shuyni[N]'], ['limpu[ADJ]', 'limpu[ADV]'], ['polvaderawan[UNK]'], ['tsapa[VTr]+shqa[Prf](N)']]
Awaqmi minita ruraykan punchuta awananpaq.	El tejedor está preparando la trama para tejer el poncho.	DIC-MINEDU-2005-306	[['awa[VTr]+q[1.Sbj][2.Obj]+mi[Asrt]', 'awa[VTr]+q[Hab]+mi[Asrt]', 'awa[VTr]+q[Agt]+mi[Asrt]'], ['mini[N]+ta[Obj]'], ['rura[VTr]+YkaA[Prog]+n[3]'], ['punchuta[UNK]'], ['awa[VTr]+na[Nec](N)+n[Poss.3]+paq[Ben]']]
Tsayqa posada ashiyaanaqa.	Y buscamos alojamiento.	CRH-07-339	[['tsay[PRON.Dem]+qa[Topic]'], ['posada[UNK]'], ['ashi[VTr]+yaA[Pl]+ː[1]+na[Acp]+qa[Top]', 'ashi[VTr]+yaA[Pl]+na[Nec](N)+qa[Top]']]
Paykunaqa warka rutuychawmi qatswakuykaayan	Ellos están bailando durante el corte de pelo.	DIC-MINEDU-2005-779	[['paykuna[PRON.Prs]+qa[Top]'], ['warka[N]'], ['rutu[VTr]+y[Inf]+chaw[Loc]+mi[Asrt]'], ['qatswa[VInt]+kU[Refl/Mid]+YkaA[Prog]+yaA[Pl]+n[3]']]
Tsayta pasariyaptiinam awtuqa fallarna qallaykurqa.	Cuando pasamos Chacchán el carro empezó a fallar.	CRH-06-243	[['tsay[PRON.Dem]+ta[Obj]'], ['pasa[VInt]+rI[Pct]+yaA[Pl]+pti[Cnv](N)+ː[Poss.1Sg]+na[Acp]+mi[Asrt]'], ['awtu[N]+qa[Top]'], ['fallarna[UNK]'], ['qalla[VTr]+yku[Intens]+r[Cnv](N)+qa[Top]', 'qalla[VTr]+yku[Intens]+rqa[Pst][3]']]
Punuy ni mikuy tsarimantsu.	No me da ganas ni de dormir ni de comer.	CRH-98-084	[['punu[VInt]+y[Imp.2]', 'punu[VInt]+y[Inf]'], ['ni[CCONJ]'], ['miku[VTr]+y[Imp.2]', 'miku[VTr]+y[Inf]', 'mikuy[N]'], ['tsari[VTr]+maA[1.Obj]+n[3]+tsu[Neg]', 'tsari[VTr]+maA[1.Obj]+n[3.Sbj]+tsu[Neg]']]
Peruwnintsikpa qiraranchawmi wikuña kan	El escudo de nuestra patria tiene una vicuña.	DIC-MINEDU-2005-510	[['peruwnintsikpa[UNK]'], ['qiraranchawmi[UNK]'], ['wikuña[N]'], ['ka[AUX]+n[3]']]
Tsaychawmi tariyarqaa huk nunata, hatun shukshu puntanman osin watashqa.	Allí encontramos a un hombre que tenía un palo largo con hoz amarrada a su punte.	CRH-07-366	[['tsaychaw[ADV]+mi[Asrt]'], ['tari[VTr]+yaA[Pl]+rqa[Pst]+ː[1]'], ['huk[NUM.Card]', 'huk[DET]'], ['nuna[N]+ta[Obj]'], ['hatun[ADJ]'], ['shukshu[N]'], ['punta[N]+n[Poss.3]+man[Dat]'], ['osin[UNK]'], ['wata[VTr]+shqa[Prf](N)']]
Awkinkuna niyaqta wiyaq kaami: “Imanaw kanqanpis musyakuynatsu; españakunam banderanta markaakunaman churarayaamun, tsayta hitakacharkurnam patriotakuna hina banderanta hawiyaraamun; niykurqa mosu runaakunata apakuyan ejercitunpaq ishkanpis.	Les escuchaba decir a sus ancianos: “No entendemos bien lo que pasa: los españoles colocan su bandera en nuestro pueblo, los criollos lo arrojan y colocan el suyo; por otra parte ambos se llevan a nuestros jóvenes para su ejército.	AKH-192	[['awkin[N]+kuna[Pl]'], ['ni[VTr]+yaA[Pl]+q[Agt]+ta[Obj]'], ['wiya[VTr]+q[1.Sbj][2.Obj]', 'wiya[VTr]+q[Hab]', 'wiya[VTr]+q[Agt]'], ['ka[AUX]+ː[1]+mi[Asrt]'], ['imanaw[ADV]'], ['ka[AUX]+nqa[Sub](N)+n[Poss.3]+pis[Coord]', 'kanqan[ADV]+pis[Coord]'], ['musya[VTr]+kU[Refl/Mid]+y[Imp.2]+na[Acp]+tsu[Neg]', 'musya[VTr]+kU[Refl/Mid]+y[Inf]+na[Acp]+tsu[Neg]'], ['españakunam[UNK]'], ['banderanta[UNK]'], ['marka[N]+ːkuna[Poss.1Pl.Excl]+man[Dat]', 'marka[N]+ː[Poss.1Sg]+kuna[Pl]+man[Dat]', 'markaaku[VTr]+na[Nec](N)+man[Dat]', 'markaaku[VTr]+naA[Prosp]+maA[1.Obj]+n[3]', 'markaaku[VTr]+naA[Prosp]+maA[1.Obj]+n[3.Sbj]'], ['chura[VTr]+rI[Pct]+yaA[Pl]+mu[Cis]+n[3]'], ['tsay[PRON.Dem]+ta[Obj]'], ['hita[VTr]+kachaA[Iter]+rku[Edu]+r[Cnv](N)+na[Acp]+mi[Asrt]'], ['patriotakuna[UNK]'], ['hina[N]', 'hina[ADV]'], ['banderanta[UNK]'], ['hawi[N]+yaA[Transf](VInt)+raA[Dur]+mu[Cis]+n[3]'], ['ni[VTr]+yku[Intens]+r[Cnv](N)+qa[Top]', 'ni[VTr]+yku[Intens]+rqa[Pst][3]'], ['mosu[UNK]'], ['runa[N]+ːkuna[Poss.1Pl.Excl]+ta[Obj]', 'runa[N]+ː[Poss.1Sg]+kuna[Pl]+ta[Obj]'], ['apa[VTr]+kU[Refl/Mid]+yaA[Pl]+n[3]'], ['ejercitu[N]+n[Poss.3]+paq[Ben]'], ['ishka[N]+n[Poss.3]+pis[Coord]', 'ishka[VInt]+n[3]+pis[Coord]', 'ishka[NUM]+n[Poss.3](Pron.Sets)+pis[Coord]']]
Nishpana, tallerninpita chaariptin, qararirqunaq temblaykar.	Cuando él llegó de su taller, se le sirvió temblando.	CRH-107-077	[['ni[VTr]+shpa[Grd]+na[Acp]'], ['tallerninpita[UNK]'], ['chaa[VTr]+rI[Pct]+pti[Cnv](N)+n[Poss.3]'], ['qara[VTr]+rI[Pct]+rqu[RecPst][3]+naq[Rpst]'], ['temblaykar[UNK]']]
I estrictamente uryayaanaq huqta hunaq, semana enteru, kada huqta killachaw.	Y trabajaron estrictamente seis días, e.d., una semana entera en cada seis meses.	CRH-01-005	[['i[CCONJ]'], ['estrictamente[UNK]'], ['urya[N]+yaA[Transf](VInt)+naq[Rpst]', 'urya[N]+yaA[Transf](VInt)+naA[Prosp]+q[1.Sbj][2.Obj]', 'urya[N]+yaA[Transf](VInt)+naA[Prosp]+q[Hab]', 'urya[N]+yaA[Transf](VInt)+naA[Prosp]+q[Agt]', 'urya[VTr]+yaA[Pl]+naq[Rpst]'], ['huqta[NUM.Card]'], ['hunaq[N]'], ['semana[N]'], ['enteru[ADJ]'], ['kada[DET]'], ['huqta[NUM.Card]'], ['killa[N]+chaw[Loc]']]
Tsay niptinna patronqa alistapurqunaq allibwenu masisuta.	Entonces el patrón le alistó herramientas muy sólidas.	CRH-98-020	[['tsay[DET]'], ['ni[VTr]+pti[Cnv](N)+n[Poss.3]+na[Acp]'], ['patron[N]+qa[Top]'], ['alista[VTr]+pu[Apl]+rqu[RecPst][3]+naq[Rpst]'], ['allibwenu'], ['masisuta[UNK]']]
Tsayna topaq nunaqa ninaq, 'Manam.	Entonces el hombre que le había encontrado dijo, 'No.	CRH-06-368	[['tsayna[ADV]'], ['topa[VInt]+q[1.Sbj][2.Obj]', 'topa[VInt]+q[Hab]', 'topa[VInt]+q[Agt]'], ['nuna[N]+qa[Top]'], ['ni[VTr]+naq[Rpst]', 'ni[VTr]+naA[Prosp]+q[1.Sbj][2.Obj]', 'ni[VTr]+naA[Prosp]+q[Hab]', 'ni[VTr]+naA[Prosp]+q[Agt]'], ['mana[ADV]+mi[Asrt]']]
Warmi wamrakunam aqtsanta piltakuyan	Las niñas se hacen trenzas	DIC-MINEDU-2005-405	[['warmi[N]'], ['wamra[N]+kuna[Pl]+mi[Asrt]'], ['aqtsa[N]+n[Poss.3]+ta[Obj]'], ['pilta[VTr]+kU[Refl/Mid]+yaA[Pl]+n[3]']]
Tsaymi kada hunaq mas abansamun.	Cada día se acerca más.	CRH-98-082	[['tsaymi[ADV]'], ['kada[DET]'], ['hunaq[N]'], ['mas[UNK]'], ['abansa[V]+mu[Cis]+n[3]']]
Tsaynam tsayllachaw aywakurqaa Konakochaman.	Entonces en su carro no más fui a Conococha.	CRH-06-550	[['tsayna[ADV]+mi[Asrt]'], ['tsayllachaw[UNK]'], ['aywa[VTr]+kU[Refl/Mid]+rqa[Pst]+ː[1]'], ['konakochaman[UNK]']]
Tayta Amarunawmi kayan, niyaqmi mantsakashqa runakuna.	Como el tayta Amaru son esos toros, decían temerosos los runas.	AKH-099	[['tayta[N]'], ['amarunawmi[UNK]'], ['ka[AUX]+yaA[Pl]+n[3]', 'kaya[VTr]+n[3]'], ['ni[VTr]+yaA[Pl]+q[1.Sbj][2.Obj]+mi[Asrt]', 'ni[VTr]+yaA[Pl]+q[Hab]+mi[Asrt]', 'ni[VTr]+yaA[Pl]+q[Agt]+mi[Asrt]'], ['mantsa[VTr]+kaA[Pass]+shqa[Prf](N)', 'mantsakaa[VInt]+shqa[Prf](N)'], ['runa[N]+kuna[Pl]']]
Tsaynawmi kay Chontachawpis warmikuna rurayan wawankuna o quwankuna maytapis aywaptin o rekluta apayashqa kayaptin.	Así hacen las mujeres aquí en Chontayoc también cuando sus hijos o sus esposos van a algún sitio o cuando lo llevan de recluta al ejército.	CRH-33-031	[['tsaynaw[ADV]+mi[Asrt]'], ['ka[AUX]+y[Imp.2]', 'ka[AUX]+y[Inf]', 'kay[DET]'], ['chonta[PROPN]+chaw[Loc]+pis[Coord]'], ['warmi[N]+kuna[Pl]'], ['rura[VTr]+yaA[Pl]+n[3]'], ['wawa[N]+n[Poss.3]+kuna[Pl]'], ['o[CCONJ]'], ['quwa[N]+n[Poss.3]+kuna[Pl]'], ['may[PRON]+ta[Obj]+pis(Pron.Indef)'], ['aywa[VTr]+pti[Cnv](N)+n[Poss.3]'], ['o[CCONJ]'], ['rekluta[UNK]'], ['apa[VTr]+yaA[Pl]+shqa[Prf](N)'], ['ka[AUX]+yaA[Pl]+pti[Cnv](N)+n[Poss.3]', 'kaya[VTr]+pti[Cnv](N)+n[Poss.3]']]
 Awilum kuchita qashpan	El abuelo está quemando el  chancho para pelarlo	DIC-MINEDU-2005-483	[['[UNK]'], ['awilu[N]+mi[Asrt]'], ['kuchi[N]+ta[Obj]'], ['qashpa[VTr]+n[3]']]
Qamkuna kompletutam quyaamaanayki.”	Ustedes tienen que dárnoslo completo.”	CRH-03-349	[['qamkuna[PRON.Prs]'], ['kompletutam[UNK]'], ['qu[VTr]+yaA[Pl]+maA[1.Obj]+na[Nec](N)+yki[Poss.2]', 'quyaa[VInt]+maA[1.Obj]+na[Nec](N)+yki[Poss.2]']]
Tsayna kreyintsu, “Imanapam pay ushpanqa.” nir.	Pero no lo creó y dijo, “¿Cómo lo va a comer él.”	CRH-97-096	[['tsayna[ADV]'], ['kreyi[VTr]+n[3]+tsu[Neg]'], ['imana[PRON]+pa[Prol](Pron)+mi[Asrt]', 'imana[PRON]+pa[Gen](Pron)+mi[Asrt]'], ['pay[PRON.Prs]'], ['ushpa[VTr]+n[3]+qa[Top]', 'ushpa[VTr]+nqa[Sub](N)', 'ushpa[VTr]+nqa[Fut.3]'], ['ni[VTr]+r[Cnv](N)']]
Prontu entregamay apakunaapaq.	Entréguemela rápido para que me la lleve.	CRH-95-087	[['prontu[UNK]'], ['entrega[V]+maA[1.Obj]+y[Imp.2]'], ['apa[VTr]+kU[Refl/Mid]+na[Nec](N)+ː[Poss.1Sg]+paq[Ben]']]
Tsaynawshi kay santukunaqa chaariyanaq Putsun Quchaman, kay huti shamun “ashmapa putsunyuq quchapita”. 	Así llegaron los santos a la orilla de una laguna que se llamaba Sarhui Qucha, que significa “laguna con restos de animales”.	CP-18-011	[['tsaynaw[ADV]+shi[Nfh]'], ['ka[AUX]+y[Imp.2]', 'ka[AUX]+y[Inf]', 'kay[DET]'], ['santu[N]+kuna[Pl]+qa[Top]'], ['chaa[VTr]+rI[Pct]+yaA[Pl]+naq[Rpst]'], ['putsu[N]+n[Poss.3]', 'putsu[VInt]+n[3]'], ['qucha[N]+man[Dat]'], ['ka[AUX]+y[Imp.2]', 'ka[AUX]+y[Inf]', 'kay[DET]'], ['huti[N]'], ['shamu[VTr]+n[3]'], ['ashma[N]+pa[Man]', 'ashma[N]+pa[Prol]', 'ashma[N]+pa[Gen]'], ['putsunyuq[UNK]'], ['qucha[N]+pita[Abl]'], ['[UNK]']]
Waraanin lunisnam aywayarqaa Wanuku frentin Pawkarbambata.	El día siguiente, lunes, fuimos a Paucarbamba, frente a Huánuco.	CRH-07-363	[['waraa[VInt]+n[3]', 'waraanin[ADV]'], ['lunis[N]+na[Acp]+mi[Asrt]'], ['aywa[VTr]+yaA[Pl]+rqa[Pst]+ː[1]'], ['wanu[N]+ku[Inter]'], ['frentin[UNK]'], ['pawkarbambata[UNK]']]
Nunakunam uryaykaayan chakrachaw	Los hombres están trabajando en la chacra	DIC-MINEDU-2005-021	[['nuna[N]+kuna[Pl]+mi[Asrt]'], ['urya[VTr]+YkaA[Prog]+yaA[Pl]+n[3]'], ['chakra[N]+chaw[Loc]']]
Manam yuriyashqatsu.	No aparecieron.	CRH-02-037	[['mana[ADV]+mi[Asrt]'], ['yuri[VInt]+yaA[Pl]+shqa[Prf](N)+tsu[Neg]']]
Manam qunqayaqtsu imaypis.	No lo olvidaban nunca.	AKH-048	[['mana[ADV]+mi[Asrt]'], ['qu[VTr]+nqa[Sub](N)+yaq[Ter]+tsu[Neg]', 'qunqa[VTr]+yaA[Pl]+q[1.Sbj][2.Obj]+tsu[Neg]', 'qunqa[VTr]+yaA[Pl]+q[Hab]+tsu[Neg]', 'qunqa[VTr]+yaA[Pl]+q[Agt]+tsu[Neg]'], ['imay[PRON]+pis(Pron.Indef)']]
Tsaytam wayiiman apakurqaa.	La llevé a mi casa.	CRH-02-034	[['tsay[PRON.Dem]+ta[Obj]+mi[Asrt]'], ['wayi[N]+ː[Poss.1Sg]+man[Dat]'], ['apa[VTr]+kU[Refl/Mid]+rqa[Pst]+ː[1]']]
'Konfesakuyay' nishqaaqa piñakuyanmi.	Cuando les digo que deben confesarse se molestan.	CRH-06-298	[['konfesa[V]+kU[Refl/Mid]+yaA[Pl]+y[Imp.2]', 'konfesa[V]+kU[Refl/Mid]+yaA[Pl]+y[Inf]'], ['ni[VTr]+shqa[Prf](N)+ː[Poss.1Sg]+qa[Top]'], ['piña[VTr]+kU[Refl/Mid]+yaA[Pl]+n[3]+mi[Asrt]', 'piñaku[VInt]+yaA[Pl]+n[3]+mi[Asrt]']]
Waynakunaqa pinkullu tukaytam yachakuykaayan	Los jóvenes están aprendiendo a tocar la flauta	DIC-MINEDU-2005-406	[['wayna[N]+kuna[Pl]+qa[Top]', 'waynaku[VInt]+na[Nec](N)+qa[Top]'], ['pinkullu[N]'], ['tukaytam[UNK]'], ['yacha[VInt]+kU[Refl/Mid]+YkaA[Prog]+yaA[Pl]+n[3]', 'yacha[VTr]+kU[Refl/Mid]+YkaA[Prog]+yaA[Pl]+n[3]']]
Tsaymi tsaypita qarqarayaamarqa.	Por eso me boteron de allí.	CRH-06-101	[['tsaymi[ADV]'], ['tsaypita[ADV]'], ['qarqu[VTr]+rI[Pct]+yaA[Pl]+maA[1.Obj]+rqa[Pst]', 'qarqu[VTr]+rI[Pct]+yaA[Pl]+maA[1.Obj]+r[Cnv](N)+qa[Top]', 'qarqu[VTr]+rI[Pct]+yaA[Pl]+maA[1.Obj]+rqa[Pst][3]']]
Tsaynaw niptin, pobri warmiqa ni imanaw kayta musyanaqnatsu, “Imanawnataq arushaq“, nir.	Cuando decía eso, la pobre mujer no sabía qué hacer y decía, “¿Cómo voy a cocinar.”	CRH-107-067	[['tsaynaw[ADV]'], ['ni[VTr]+pti[Cnv](N)+n[Poss.3]'], ['pobri[UNK]'], ['warmi[N]+qa[Top]'], ['ni[CCONJ]'], ['imanaw[ADV]'], ['ka[AUX]+y[Inf]+ta[Obj]', 'kay[PRON.Dem]+ta[Obj]'], ['musya[VTr]+naq[Rpst]+na[Acp]+tsu[Neg]', 'musya[VTr]+naA[Prosp]+q[1.Sbj][2.Obj]+na[Acp]+tsu[Neg]', 'musya[VTr]+naA[Prosp]+q[Hab]+na[Acp]+tsu[Neg]', 'musya[VTr]+naA[Prosp]+q[Agt]+na[Acp]+tsu[Neg]'], ['imanawnataq[UNK]'], ['aru[VTr]+shaq[Fut.1]'], ['ni[VTr]+r[Cnv](N)']]
Las onsiran chaamunqa Chimbotipita.	A las once todavía va a llegar desde Chimbote.	CRH-06-331	[['las[DET]'], ['onsi[NUM.Card]+ran[Inacp]'], ['chaa[VTr]+mu[Cis]+n[3]+qa[Top]', 'chaa[VTr]+mu[Cis]+nqa[Sub](N)', 'chaa[VTr]+mu[Cis]+nqa[Fut.3]'], ['chimbotipita[UNK]']]
Padre Luchu lunchita qarayaamarqan, i las seisnawnam, mana ni piwanpis riqinakur, niyarqaa padre Luchuta, “aywayaa posada ashiqchi manaraq ampiptin, i mana tarirninnachi, otelllachaw punuyaashaq.”	El padre Lucho nos ofreció lonche, y como a las seis, ya que no conocíamos a nadie, dijimos al padre Lucho, “Vamos a buscar alojamiento antes que oscurezca, y si no encontramos dormiremos en el hotel.”	CRH-07-217	[['padre[UNK]'], ['luchu[UNK]'], ['lunchita[UNK]'], ['qara[N]+yaA[Transf](VInt)+maA[1.Obj]+rqa[Pst]+n[3]', 'qara[N]+yaA[Transf](VInt)+maA[1.Obj]+rqa[Pst]+n[3.Sbj]', 'qara[VTr]+yaA[Pl]+maA[1.Obj]+rqa[Pst]+n[3]', 'qara[VTr]+yaA[Pl]+maA[1.Obj]+rqa[Pst]+n[3.Sbj]'], ['i[CCONJ]'], ['las[DET]'], ['seis[NUM.Card]+naw[Equ]+na[Acp]+mi[Asrt]'], ['mana[ADV]', 'mana[INTJ]'], ['ni[CCONJ]'], ['pi[PRON]+wan[Com]+pis(Pron.Indef)'], ['riqi[VTr]+nakU[Recp]+r[Cnv](N)', 'riqi[VTr]+naA[Prosp]+kU[Refl/Mid]+r[Cnv](N)'], ['ni[VTr]+yaA[Pl]+rqa[Pst]+ː[1]'], ['padre[UNK]'], ['luchuta[UNK]'], ['aywa[VTr]+yaA[Pl]+ː[1]'], ['posada[UNK]'], ['ashi[VTr]+q[1.Sbj][2.Obj]+chi[Conjc]', 'ashi[VTr]+q[Hab]+chi[Conjc]', 'ashi[VTr]+q[Agt]+chi[Conjc]'], ['mana[VTr]+rI[Pct]+q[1.Sbj][2.Obj]', 'mana[VTr]+rI[Pct]+q[Hab]', 'mana[VTr]+rI[Pct]+q[Agt]', 'mana[VTr]+raA[Dur]+q[1.Sbj][2.Obj]', 'mana[VTr]+raA[Dur]+q[Hab]', 'mana[VTr]+raA[Dur]+q[Agt]'], ['ampi[VInt]+pti[Cnv](N)+n[Poss.3]'], ['i[CCONJ]'], ['mana[ADV]', 'mana[INTJ]'], ['tari[VTr]+r[Cnv](N)+n[Poss.3]+na[Acp]+chi[Conjc]'], ['otelllachaw[UNK]'], ['punu[VInt]+yaA[Pl]+shaq[Fut.1]']]
I presidente de la hunta militar karqan Sánchez Cerro.	Y el presidente de la junta militar fue Sánchez Cerro.	CRH-01-077	[['i[CCONJ]'], ['presidente[UNK]'], ['de[ADP]'], ['la[DET]'], ['hunta[N]'], ['militar[UNK]'], ['ka[AUX]+rqa[Pst]+n[3]'], ['sánchez[UNK]'], ['cerro[UNK]']]
Kananqa llapanpis hamapakuykaayan huchusqa wayikunallachawnam llakikuy kawayta yarpakachar, waray waraantin mana musyakuypaq parlar, punuy chaamunqanyaq.	Ahora todos descansan en las casas desarmadas hablando de los inciertos tiempos que les esperan mientras les llega el sueño.	AKH-393	[['ka[AUX]+na[Nec](N)+n[Poss.3]+qa[Top]', 'ka[AUX]+naA[Prosp]+n[3]+qa[Top]', 'ka[AUX]+naA[Prosp]+nqa[Sub](N)', 'ka[AUX]+naA[Prosp]+nqa[Fut.3]', 'kanan[ADV]+qa[Top]'], ['llapa[PRON]+n[Poss.3]+pis[Coord]'], ['hama[VInt]+paA[Exc]+kU[Refl/Mid]+YkaA[Prog]+yaA[Pl]+n[3]'], ['huchusqa[UNK]'], ['wayi[N]+kuna[Pl]+llaA[Lim]+chaw[Loc]+na[Acp]+mi[Asrt]'], ['llaki[VTr]+yku[Intens]+y[Imp.2]', 'llaki[VTr]+yku[Intens]+y[Inf]', 'llaki[VTr]+kU[Refl/Mid]+y[Imp.2]', 'llaki[VTr]+kU[Refl/Mid]+y[Inf]'], ['kawa[VInt]+y[Inf]+ta[Obj]'], ['yarpa[VTr]+kachaA[Iter]+r[Cnv](N)'], ['waray[N]'], ['waraantin[UNK]'], ['mana[ADV]', 'mana[INTJ]'], ['musya[VTr]+kU[Refl/Mid]+y[Inf]+paq[Ben]'], ['parla[VInt]+r[Cnv](N)'], ['punu[VInt]+y[Imp.2]', 'punu[VInt]+y[Inf]'], ['chaa[VTr]+mu[Cis]+nqa[Sub](N)+n[Poss.3]+yaq[Ter]']]
Tsaypitaqa mana mantsakushpa hatun Apukuna wayinchaw ashirnash qallakuykuyaanaq; nawpa Chawin Apukunapa wayintapis huchur qallayaanaqshi.	Porque inmediatamente, sin guardar respeto a los dioses habían comenzado a llevarse el oro y la plata de los templos; hasta habían comenzado a destruir el templo de los antiguos dioses Chavín;	AKH-063	[['tsaypita[ADV]+qa[Top]'], ['mana[ADV]', 'mana[INTJ]'], ['mantsa[VTr]+kU[Refl/Mid]+shpa[Grd]'], ['hatun[ADJ]'], ['apu[N]+kuna[Pl]'], ['wayi[N]+n[Poss.3]+chaw[Loc]'], ['ashi[VTr]+r[Cnv](N)+na[Acp]+shi[Nfh]'], ['qalla[VTr]+kU[Refl/Mid]+yku[Intens]+yaA[Pl]+naq[Rpst]'], ['nawpa[N]'], ['chawin[UNK]'], ['apu[N]+kuna[Pl]+pa[Man]', 'apu[N]+kuna[Pl]+pa[Prol]', 'apu[N]+kuna[Pl]+pa[Gen]'], ['wayi[N]+n[Poss.3]+ta[Obj]+pis[Coord]'], ['huchu[VInt]+r[Cnv](N)'], ['qalla[VTr]+yaA[Pl]+naq[Rpst]+shi[Nfh]']]
“Pantojakunaqa wayillampin protestanti kayan, Santiago kaqshi tsaychaw apunninkuna,” niyarqan.	“Toda la familia Pantoja son protestantes, y el Santiago es su jefe,” dijeron.	CRH-09-045	[['pantojakunaqa[UNK]'], ['wayillampin[UNK]'], ['protestanti[N]'], ['ka[AUX]+yaA[Pl]+n[3]', 'kaya[VTr]+n[3]'], ['santiago[UNK]'], ['ka[AUX]+q[1.Sbj][2.Obj]+shi[Nfh]', 'ka[AUX]+q[Hab]+shi[Nfh]', 'ka[AUX]+q[Agt]+shi[Nfh]'], ['tsaychaw[ADV]'], ['apunninkuna[UNK]'], ['ni[VTr]+yaA[Pl]+rqa[Pst]+n[3]']]
Tsaymi geólogu nirqan patronninkunatapis, obrerukunatapis: Kay Kolki hirka allaapa hatun hirkam, falla nishqanmi qatsatsishqa, tsaypitanam rara rahukunapiq, rara quchakunapep apakuykuna, aluvionkuna shamushqa; tsaymi yapaykuryan mineralta apakushqa Tampu uranpa.	Entonces explicó el geólogo a sus jefes y los obreros: el Kolki Hirka fue una gran montaña, pero lo partió una falla; luego, de los nevados y lagunas altas vinieron grandes aluviones que arrasaron todo y se llevaron repetidas veces el mineral por la quebrada del Tampu.	AKH-359	[['tsaymi[ADV]'], ['geólogu[UNK]'], ['ni[VTr]+rqa[Pst]+n[3]'], ['patron[N]+n[Poss.3]+kuna[Pl]+ta[Obj]+pis[Coord]'], ['obreru[N]+kuna[Pl]+ta[Obj]+pis[Coord]'], ['ka[AUX]+y[Imp.2]', 'ka[AUX]+y[Inf]', 'kay[DET]'], ['kolki[UNK]'], ['hirka[N]'], ['allaapa[N]', 'allaapa[ADV]'], ['hatun[ADJ]'], ['hirka[N]+mi[Asrt]'], ['falla[UNK]'], ['ni[VTr]+shqa[Prf](N)+n[Poss.3]+mi[Asrt]'], ['qatsa[VTr]+tsi[Fact]+shqa[Prf](N)', 'qatsa[VTr]+tsi[Fact]+shqa[Prf](N)'], ['tsaypita[ADV]+na[Acp]+mi[Asrt]'], ['rara[N]'], ['rahukunapiq[UNK]'], ['rara[N]'], ['quchakunapep[UNK]'], ['apa[VTr]+kU[Refl/Mid]+y[Inf]+kuna[Pl]', 'apa[VTr]+kU[Refl/Mid]+yku[Intens]+na[Nec](N)'], ['aluvionkuna[UNK]'], ['shamu[VTr]+shqa[Prf](N)'], ['tsaymi[ADV]'], ['yapa[VTr]+yku[Intens]+r[Cnv](N)+yan[Dist]'], ['mineral[N]+ta[Obj]'], ['apa[VTr]+kU[Refl/Mid]+shqa[Prf](N)'], ['tampu[UNK]'], ['uranpa[UNK]']]
Tsaynaw nirirnam huk wamrata tsariykur ruqurita munarqan.	Cogiendo a uno intentó hacerlo.	AKH-076	[['tsaynaw[ADV]'], ['ni[VTr]+rI[Pct]+r[Cnv](N)+na[Acp]+mi[Asrt]'], ['huk[NUM.Card]', 'huk[DET]'], ['wamra[N]+ta[Obj]'], ['tsari[VTr]+yku[Intens]+r[Cnv](N)'], ['ruqurita[UNK]'], ['muna[VTr]+rqa[Pst]+n[3]']]
Tsaymi watachaw fyestakuna.	Esas son las fiestas durante el año.	CRH-08-068	[['tsaymi[ADV]'], ['wata[N]+chaw[Loc]'], ['fyesta[N]+kuna[Pl]']]
Tsaynaw kontratuta rurariyarqaa.	Así hicimos el contrato.	CRH-03-294	[['tsaynaw[ADV]'], ['kontratu[N]+ta[Obj]'], ['rura[VTr]+rI[Pct]+yaA[Pl]+rqa[Pst]+ː[1]']]
Isqun killanaw huelgawan llakiriryan, mallaqaariryan tsarakuykayaptinmi yurikarayaamurqan pukaypa pukaq, rawraq aqtsashqa runakuna, gringukuna.	Durante más de nueve meses cuando seguían resistiendo con temores y hambre, aparecieron hombres medio colorados, rubios, gringos.	AKH-279	[['isqun[NUM.Card]'], ['killa[N]+naw[Equ]'], ['huelgawan[UNK]'], ['llaki[VTr]+rI[Pct]+r[Cnv](N)+yan[Dist]'], ['mallaqaa[VInt]+rI[Pct]+r[Cnv](N)+yan[Dist]'], ['tsara[VTr]+kU[Refl/Mid]+YkaA[Prog]+yaA[Pl]+pti[Cnv](N)+n[Poss.3]+mi[Asrt]'], ['yuri[VInt]+kU[Refl/Mid]+rI[Pct]+yaA[Pl]+mu[Cis]+rqa[Pst]+n[3]', 'yuri[VInt]+kaA[Pass]+rI[Pct]+yaA[Pl]+mu[Cis]+rqa[Pst]+n[3]'], ['puka[VInt]+y[Inf]+pa[Man]', 'puka[VInt]+y[Inf]+pa[Prol]', 'puka[VInt]+y[Inf]+pa[Gen]', 'puka[VInt]+y[Inf]+pa[Man](ADV)'], ['puka[VInt]+q[1.Sbj][2.Obj]', 'puka[VInt]+q[Hab]', 'puka[VInt]+q[Agt]'], ['rawra[VInt]+q[1.Sbj][2.Obj]', 'rawra[VInt]+q[Hab]', 'rawra[VInt]+q[Agt]'], ['aqtsashqa[UNK]'], ['runa[N]+kuna[Pl]'], ['gringu[N]+kuna[Pl]']]
Tsay awkis aywaqpistsu allqukuna qarquq wamayarnin.	Ese viejo tampoco fue a botar los perros por miedo.	CRH-02-105	[['tsay[DET]'], ['awkis[N]'], ['aywa[VTr]+q[1.Sbj][2.Obj]+pis[Coord]+tsu[Neg]', 'aywa[VTr]+q[Hab]+pis[Coord]+tsu[Neg]', 'aywa[VTr]+q[Agt]+pis[Coord]+tsu[Neg]'], ['allqu[N]+kuna[Pl]'], ['qarqu[VTr]+q[1.Sbj][2.Obj]', 'qarqu[VTr]+q[Hab]', 'qarqu[VTr]+q[Agt]'], ['wamayarnin[UNK]']]
Tsaynam niyaa, “Kayaa katekistam.”	Entonces dijimos, “Somos catequistas.”	CRH-07-257	[['tsayna[ADV]+mi[Asrt]'], ['ni[VTr]+yaA[Pl]+ː[1]'], ['ka[AUX]+yaA[Pl]+ː[1]', 'kaya[VTr]+ː[1]'], ['katekista[N]+mi[Asrt]']]
Nuqam triiguta aqaatsii mulinuchaw.	Yo hago moler el trigo en el molino.	DIC-MINEDU-2005-321	[['nuqa[PRON.Prs]+mi[Asrt]'], ['triigu[N]+ta[Obj]'], ['aqaatsii[UNK]'], ['mulinu[N]+chaw[Loc]']]
Tsay shumaq wayinkunachaw, asikuyaqmi mandakuqninkuna, imayka asikuypaqnaw niyanqan kanqantanawpis.	Pero sus jefes se rieron en sus oficinas lujosos como si fuera gracia las advertencias.	AKH-345	[['tsay[DET]'], ['shumaq[ADJ]'], ['wayi[N]+n[Poss.3]+kuna[Pl]+chaw[Loc]'], ['asi[VInt]+yku[Intens]+yaA[Pl]+q[1.Sbj][2.Obj]+mi[Asrt]', 'asi[VInt]+yku[Intens]+yaA[Pl]+q[Hab]+mi[Asrt]', 'asi[VInt]+yku[Intens]+yaA[Pl]+q[Agt]+mi[Asrt]', 'asi[VInt]+kU[Refl/Mid]+yaA[Pl]+q[1.Sbj][2.Obj]+mi[Asrt]', 'asi[VInt]+kU[Refl/Mid]+yaA[Pl]+q[Hab]+mi[Asrt]', 'asi[VInt]+kU[Refl/Mid]+yaA[Pl]+q[Agt]+mi[Asrt]'], ['mandakuqninkuna[UNK]'], ['imayka[UNK]'], ['asi[VInt]+yku[Intens]+y[Inf]+paq[Ben]+naw[Equ]', 'asi[VInt]+kU[Refl/Mid]+y[Inf]+paq[Ben]+naw[Equ]'], ['ni[VTr]+yaA[Pl]+nqa[Sub](N)+n[Poss.3]'], ['ka[AUX]+nqa[Sub](N)+n[Poss.3]+ta[Obj]+naw[Equ]+pis[Coord]']]
Nunaqa ayqir aywakunaq, Kura Hirkachaw chakran rurayta munanaqnatsu. 	El campesino salió corriendo asustado y no quiso seguir haciendo sus chacras en Cura Urqu.	CP-19-005	[['nuna[N]+qa[Top]'], ['ayqi[VInt]+r[Cnv](N)'], ['aywa[VTr]+kU[Refl/Mid]+naq[Rpst]'], ['kura[N]'], ['hirka[N]+chaw[Loc]'], ['chakra[N]+n[Poss.3]'], ['rura[VTr]+y[Inf]+ta[Obj]'], ['muna[VTr]+naq[Rpst]+na[Acp]+tsu[Neg]', 'muna[VTr]+naA[Prosp]+q[1.Sbj][2.Obj]+na[Acp]+tsu[Neg]', 'muna[VTr]+naA[Prosp]+q[Hab]+na[Acp]+tsu[Neg]', 'muna[VTr]+naA[Prosp]+q[Agt]+na[Acp]+tsu[Neg]'], ['[UNK]']]
Tsay nunakuna asitsu bullayan, “Allaapa fwertim,” nishpa, i unaymi duraykatsiyan tsay washkuta.	Esa gente seriamente hacen bulla diciendo, “Es muy fuerte,” y hacen durar mucho tiempo ese alcohol.	CRH-29-128	[['tsay[DET]'], ['nuna[N]+kuna[Pl]'], ['asitsu[UNK]'], ['bullayan[UNK]'], ['allaapa[N]', 'allaapa[ADV]'], ['fwertim[UNK]'], ['ni[VTr]+shpa[Grd]'], ['i[CCONJ]'], ['unay[N]+mi[Asrt]'], ['duraykatsiyan[UNK]'], ['tsay[DET]'], ['washku[N]+ta[Obj]']]
Chirapa tamyatam prosesyon tumaykurqan.	La procesión dio vuelta en una lluvia de garúa.	CRH-07-185	[['chirapa[N]'], ['tamya[N]+ta[Obj]+mi[Asrt]'], ['prosesyon[N]'], ['tuma[VTr]+yku[Intens]+rqa[Pst]+n[3]']]
Tsaychawmi Chikneychaw willakuraykaptiimi huk chakwasta willarir, pasarirqaa hukman.	Allí en Chicney mientras estaba pasando la voz, invité a una viejecita y después pasé a otra casa.	CRH-09-069	[['tsaychaw[ADV]+mi[Asrt]'], ['chikney[PROPN]+chaw[Loc]'], ['willa[VTr]+kU[Refl/Mid]+rI[Pct]+YkaA[Prog]+pti[Cnv](N)+ː[Poss.1Sg]+mi[Asrt]', 'willa[VTr]+kU[Refl/Mid]+raA[Dur]+YkaA[Prog]+pti[Cnv](N)+ː[Poss.1Sg]+mi[Asrt]'], ['huk[NUM.Card]', 'huk[DET]'], ['chakwas[N]+ta[Obj]'], ['willa[VTr]+rI[Pct]+r[Cnv](N)'], ['pasa[VInt]+rI[Pct]+rqa[Pst]+ː[1]'], ['huk[NUM.Card]+man[Dat]']]
“Apuray,” ninaq reyqa.	Apúrate,” dijo el rey.	CRH-97-106	[['apura[V]+y[Imp.2]', 'apura[V]+y[Inf]'], ['ni[VTr]+naq[Rpst]', 'ni[VTr]+naA[Prosp]+q[1.Sbj][2.Obj]', 'ni[VTr]+naA[Prosp]+q[Hab]', 'ni[VTr]+naA[Prosp]+q[Agt]'], ['rey[N]+qa[Top]']]
Tsaymanpaqqa allinawmi tsay gringukuna qallaykuyarqan; dirigentikuna maakuqllam kaykaashun imatapis hananman mañakunapaq, niyaqmi.	En tal sentido empezaban bien esos gringos.	AKH-287	[['tsaymanpaqqa[UNK]'], ['allinawmi[UNK]'], ['tsay[DET]'], ['gringu[N]+kuna[Pl]'], ['qalla[VTr]+yku[Intens]+yaA[Pl]+rqa[Pst]+n[3]'], ['dirigentikuna[UNK]'], ['maaku[VTr]+q[Agt]+llaA[Lim]+mi[Asrt]'], ['ka[AUX]+YkaA[Prog]+shun[Imp.1Pl.Inc]', 'ka[AUX]+YkaA[Prog]+shun[Fut][1Pl.Inc]'], ['ima[PRON]+ta[Obj]+pis(Pron.Indef)'], ['hana[N]+n[Poss.3]+man[Dat]'], ['maña[VTr]+kU[Refl/Mid]+na[Nec](N)+paq[Ben]'], ['ni[VTr]+yaA[Pl]+q[1.Sbj][2.Obj]+mi[Asrt]', 'ni[VTr]+yaA[Pl]+q[Hab]+mi[Asrt]', 'ni[VTr]+yaA[Pl]+q[Agt]+mi[Asrt]']]
Tsaynam aywarqaa plasata.	Entonces fui a la plaza.	CRH-04-066	[['tsayna[ADV]+mi[Asrt]'], ['aywa[VTr]+rqa[Pst]+ː[1]'], ['plasa[N]+ta[Obj]']]
I despwesshi hatusaq waskakunapa hina quchapita yakuta winarayaamuq.	Después con sogas largas también llenaban las botellas con agua del centro de la laguna.	CRH-30-046	[['i[CCONJ]'], ['despwes+shi[Nfh]'], ['hatusaq[ADJ]'], ['waska[N]+kuna[Pl]+pa[Man]', 'waska[N]+kuna[Pl]+pa[Prol]', 'waska[N]+kuna[Pl]+pa[Gen]'], ['hina[N]', 'hina[ADV]'], ['qucha[N]+pita[Abl]'], ['yaku[N]+ta[Obj]'], ['wina[VInt]+rI[Pct]+yaA[Pl]+mu[Cis]+q[Hab]', 'wina[VTr]+rI[Pct]+yaA[Pl]+mu[Cis]+q[Hab]']]
Atska hutipitam akrayarqaa 'Purísimo Corazón de María'.	De muchos nombres escogimos 'Purísimo Corazón de María'.	CRH-09-022	[['atska[ADV]'], ['huti[N]+pita[Abl]+mi[Asrt]'], ['akra[VTr]+yaA[Pl]+rqa[Pst]+ː[1]'], ['purísimo[UNK]'], ['corazón[UNK]'], ['de[ADP]'], ['maría[PROPN]']]
Pikim kuchita uyuyaatsin	El pique enflaquece al chancho.	DIC-MINEDU-2005-402	[['piki[N]+mi[Asrt]'], ['kuchi[N]+ta[Obj]'], ['uyu[ADJ]+yaA[Transf](VInt)+tsi[Fact]+n[3]']]
Paynam telarchaw awamun lisuswan, tsaktar.	El la teje en telar con lizo, golpeando.	CRH-23-018	[['pay[PRON.Prs]+na[Acp]+mi[Asrt]'], ['telarchaw[UNK]'], ['awa[VTr]+mu[Cis]+n[3]'], ['lisuswan[UNK]'], ['tsakta[VTr]+r[Cnv](N)']]
Nuqapis pokullaqa riqiiran tsay awkista.	Yo también conocía un poco a ese viejo.	CRH-30-026	[['nuqa[PRON.Prs]+pis[Coord]'], ['pokullaqa[UNK]'], ['riqi[VTr]+ː[1]+ran[Inacp]'], ['tsay[DET]'], ['awkis[N]+ta[Obj]']]
Tsaymi tsaychaw allibwenum fyesta sumaykun.	Allí se celebra la fiesta con mucha solemnidad.	CRH-06-485	[['tsaymi[ADV]'], ['tsaychaw[ADV]'], ['allibwenu+mi[Asrt]'], ['fyesta[N]'], ['sumayku[VTr]+n[3]']]
Tsaymi tsay dyablu ashiq shamuykaa dokumentuta kutitsimaananpaq.	Por eso vengo buscando ese diablo para que me devuelva el documento.”	CRH-108-077	[['tsaymi[ADV]'], ['tsay[DET]'], ['dyablu[N]'], ['ashi[VTr]+q[1.Sbj][2.Obj]', 'ashi[VTr]+q[Hab]', 'ashi[VTr]+q[Agt]'], ['shamu[VTr]+YkaA[Prog]+ː[1]'], ['dokumentu[N]+ta[Obj]'], ['kuti[VInt]+tsi[Fact]+maA[1.Obj]+na[Nec](N)+n[Poss.3]+paq[Ben]', 'kuti[VInt]+tsi[Fact]+maA[1.Obj]+na[Nec](N)+n[Poss.3]+paq[Ben]']]
Tsaynash huk kaqt almaqa nin, “Kompadri, aku nuqapa wayiitaraq.	Entonces la primera alma dijo, “Compadre, vamos a mi casa todavía.	CRH-34-017	[['tsayna[ADV]+shi[Nfh]'], ['huk[NUM.Card]', 'huk[DET]'], ['kaqt[UNK]'], ['alma[N]+qa[Top]'], ['ni[VTr]+n[3]'], ['kompadri[N]'], ['aku[N]', 'aku[INTJ]'], ['nuqa[PRON.Prs]+pa[Man]', 'nuqa[PRON.Prs]+pa[Prol]', 'nuqa[PRON.Prs]+pa[Gen]'], ['wayi[N]+ː[Poss.1Sg]+ta[Obj]+raq[Inacp]']]
Tsaynawmi almwersu usharin diya quya.	Así termina el almuerzo en la mañana del día de la fiesta.	CRH-29-082	[['tsaynaw[ADV]+mi[Asrt]'], ['almwersu[N]'], ['usha[VTr]+rI[Pct]+n[3]'], ['diya[N]'], ['quya[N]']]
Ichik ratullatana nirqunaq, “Kutikushaqnachi.	Después de un rato dijo, “Creo que ya voy a regresar.	CRH-79-053	[['ichik[ADJ]'], ['ratu[N]+lla[Lim]+ta[Obj]+na[Acp]', 'ratu[N]+llaA[Lim]+ta[Obj]+na[Acp]'], ['ni[VTr]+rqu[RecPst][3]+naq[Rpst]'], ['kuti[VInt]+yku[Intens]+shaq[Fut.1]+na[Acp]+chi[Conjc]', 'kuti[VInt]+kU[Refl/Mid]+shaq[Fut.1]+na[Acp]+chi[Conjc]']]
—Aku —niyaqshi waynakuna—aku siriinakunapa musyayninta yachakamushun.	—Vamos —decían los muchachos—vamos a aprender los secretos de las sirenas.	CP-20-002	[['aku[N]', 'aku[INTJ]'], ['ni[VTr]+yaA[Pl]+q[1.Sbj][2.Obj]+shi[Nfh]', 'ni[VTr]+yaA[Pl]+q[Hab]+shi[Nfh]', 'ni[VTr]+yaA[Pl]+q[Agt]+shi[Nfh]'], ['waynaku[VInt]+na[Nec](N)+ː[Poss.1Sg]+ku[Inter]', 'waynaku[VInt]+naA[Prosp]+ː[1]+ku[Inter]'], ['siriinakunapa[UNK]'], ['musya[VTr]+y[Inf]+n[Poss.3]+ta[Obj]'], ['yacha[VInt]+kU[Refl/Mid]+mu[Cis]+shun[Imp.1Pl.Inc]', 'yacha[VInt]+kU[Refl/Mid]+mu[Cis]+shun[Fut][1Pl.Inc]', 'yacha[VInt]+kaA[Pass]+mu[Cis]+shun[Imp.1Pl.Inc]', 'yacha[VInt]+kaA[Pass]+mu[Cis]+shun[Fut][1Pl.Inc]', 'yacha[VTr]+kU[Refl/Mid]+mu[Cis]+shun[Imp.1Pl.Inc]', 'yacha[VTr]+kU[Refl/Mid]+mu[Cis]+shun[Fut][1Pl.Inc]', 'yacha[VTr]+kaA[Pass]+mu[Cis]+shun[Imp.1Pl.Inc]', 'yacha[VTr]+kaA[Pass]+mu[Cis]+shun[Fut][1Pl.Inc]']]
Haychawmi kaykaanaq Victorina, lumtsiini, sobrinaa Santa, Reynaldu, Ramón, Damacho i Juan de Dios.	Allí estaban Victoria, mi cuñada, mi sobrina Santa, Reynaldo, Ramón, Damacho y Juan de Dios.	CRH-04-214	[['haychawmi[UNK]'], ['ka[AUX]+YkaA[Prog]+naq[Rpst]'], ['victorina[PROPN]'], ['lumtsiini[UNK]'], ['sobrina[N]+ː[Poss.1Sg]'], ['santa[PROPN]'], ['reynaldu[PROPN]'], ['ramón[PROPN]'], ['damacho[PROPN]'], ['i[CCONJ]'], ['juan[PROPN]'], ['de[ADP]'], ['dios[UNK]']]
Nishqannawlla nunaqa shuyarqunaq tsay kapillachaw.	Como dijo, el hombre esperó en esa capilla.	CRH-79-016	[['nishqannawlla[UNK]'], ['nuna[N]+qa[Top]'], ['shuya[VTr]+rqu[RecPst][3]+naq[Rpst]'], ['tsay[DET]'], ['kapilla[N]+chaw[Loc]']]
Tiñirikurnam, tsakitsintsik hiluta kururanapaq.	Después de teñir, secamos el hilo para enrollar.	CRH-23-015	[['tiñirikurnam[UNK]'], ['tsaki[VInt]+tsi[Fact]+ntsik[2Pl.Inc]', 'tsaki[VInt]+tsi[Fact]+ntsik[2Pl.Inc]'], ['hilu[N]+ta[Obj]'], ['kururanapaq[UNK]']]
Taqay warmim shumaq mukmutsin putskakuyninta.	Aquella mujer tuerce la lana muy bien.	DIC-MINEDU-2005-320	[['taqay[DET]'], ['warmi[N]+mi[Asrt]'], ['shumaq[ADJ]'], ['mukmu[VInt]+tsi[Fact]+n[3]', 'mukmu[VInt]+tsi[Fact]+n[3]'], ['putska[VTr]+kU[Refl/Mid]+y[Inf]+n[Poss.3]+ta[Obj]']]
I tsaynam alli byentu karqa shumaq akraramun huk laduman pahata i huk laduman limpyu triguta.	Cuando hay buen viento, éste separa muy bien la paja a un lado y el trigo limpio a otro lado.	CRH-21-027	[['i[CCONJ]'], ['tsayna[ADV]+mi[Asrt]'], ['alli[ADJ]', 'alli[ADV]'], ['byentu[UNK]'], ['ka[AUX]+r[Cnv](N)+qa[Top]', 'ka[AUX]+rqa[Pst][3]'], ['shumaq[ADJ]'], ['akra[VTr]+rI[Pct]+mu[Cis]+n[3]'], ['huk[NUM.Card]', 'huk[DET]'], ['ladu[N]+man[Dat]'], ['pahata[UNK]'], ['i[CCONJ]'], ['huk[NUM.Card]', 'huk[DET]'], ['ladu[N]+man[Dat]'], ['limpyu[UNK]'], ['trigu[N]+ta[Obj]']]
Nuqakunanam nunakunata aylluyaamushaq tardi resakunapaq.	Nosotros íbamos a reunir la gente para rezar en la tarde.	CRH-05-090	[['nuqakuna[PRON.Prs]+na[Acp]+mi[Asrt]'], ['nuna[N]+kuna[Pl]+ta[Obj]'], ['ayllu[N]+yaA[Transf](VInt)+mu[Cis]+shaq[Fut.1]', 'ayllu[VTr]+yaA[Pl]+mu[Cis]+shaq[Fut.1]'], ['tardi[N]'], ['resa[V]+kU[Refl/Mid]+na[Nec](N)+paq[Ben]']]
Wamra punukuykaq awilunta chawaaratsishqa	El niño le interrumpió el sueño a su abuelo	DIC-MINEDU-2005-037	[['wamra[N]'], ['punu[VInt]+kU[Refl/Mid]+YkaA[Prog]+q[1.Sbj][2.Obj]', 'punu[VInt]+kU[Refl/Mid]+YkaA[Prog]+q[Hab]', 'punu[VInt]+kU[Refl/Mid]+YkaA[Prog]+q[Agt]'], ['awilu[N]+n[Poss.3]+ta[Obj]'], ['chawaaratsishqa[UNK]']]
I tantata ruranapaqnam, puntata triguta paqantsik atska yakuchaw.	Para hacer pan, primero lavamos el trigo en bastante agua.	CRH-21-031	[['i[CCONJ]'], ['tanta[N]+ta[Obj]'], ['rura[VTr]+na[Nec](N)+paq[Ben]+na[Acp]+mi[Asrt]', 'rura[VTr]+naA[Prosp]+pa[Apl]+q[1.Sbj][2.Obj]+na[Acp]+mi[Asrt]', 'rura[VTr]+naA[Prosp]+pa[Apl]+q[Hab]+na[Acp]+mi[Asrt]', 'rura[VTr]+naA[Prosp]+pa[Apl]+q[Agt]+na[Acp]+mi[Asrt]', 'rura[VTr]+naA[Prosp]+paA[Exc]+q[1.Sbj][2.Obj]+na[Acp]+mi[Asrt]', 'rura[VTr]+naA[Prosp]+paA[Exc]+q[Hab]+na[Acp]+mi[Asrt]', 'rura[VTr]+naA[Prosp]+paA[Exc]+q[Agt]+na[Acp]+mi[Asrt]'], ['punta[N]+ta[Obj]'], ['trigu[N]+ta[Obj]'], ['paqa[VTr]+ntsik[2Pl.Inc]'], ['atska[ADV]'], ['yaku[N]+chaw[Loc]']]
Tsaytanam hina obrerukuna winariyaq taksha fierru karrukunaman; haqkmannam raslla hurqarayaamuq ichikllallan trenpanaw.	Los obreros llenaban rápido esos trozos en pequeños carros de fierro que con un pequeño tren sacaba por unos rieles fuera de la mina; allí otra máquina, como si jugara nomás, lo cargaba en enormes volquetes, los que yendo y viniendo rápido llevaban el mineral a la concentradora.	AKH-304	[['tsaytanam[UNK]'], ['hina[N]', 'hina[ADV]'], ['obreru[N]+kuna[Pl]'], ['wina[VInt]+rI[Pct]+yaA[Pl]+q[1.Sbj][2.Obj]', 'wina[VInt]+rI[Pct]+yaA[Pl]+q[Hab]', 'wina[VInt]+rI[Pct]+yaA[Pl]+q[Agt]', 'wina[VTr]+rI[Pct]+yaA[Pl]+q[1.Sbj][2.Obj]', 'wina[VTr]+rI[Pct]+yaA[Pl]+q[Hab]', 'wina[VTr]+rI[Pct]+yaA[Pl]+q[Agt]'], ['taksha[ADJ]'], ['fierru[UNK]'], ['karru[N]+kuna[Pl]+man[Dat]'], ['haqkmannam[UNK]'], ['raslla[UNK]'], ['hurqa[VTr]+rI[Pct]+yaA[Pl]+mu[Cis]+q[Hab]'], ['ichikllallan[UNK]'], ['trenpanaw[UNK]']]
I despwesnam yapay kutipantsik uryar hatusaqtana.	Después otra vez volvemos a cultivarlo cuando ya es grande.	CRH-22-010	[['i[CCONJ]'], ['despwes+na[Acp]+mi[Asrt]'], ['yapa[VTr]+y[Imp.2]', 'yapa[VTr]+y[Inf]', 'yapay[ADV]'], ['kuti[VInt]+pa[Apl]+ntsik[2Pl.Inc]'], ['urya[VTr]+r[Cnv](N)'], ['hatusaqtana[UNK]']]
Wanuku kontrolllachawmi llapan awtu montaña aywaq taakuykaayaq.	Todos los carros que iban a la selva quedaron amontonados en el control de Huánuco no más.	CRH-07-305	[['wanu[N]+ku[Inter]'], ['kontrolllachawmi[UNK]'], ['llapa[PRON]+n[Poss.3]', 'llapan[ADJ]'], ['awtu[N]'], ['montaña[UNK]'], ['aywa[VTr]+q[1.Sbj][2.Obj]', 'aywa[VTr]+q[Hab]', 'aywa[VTr]+q[Agt]'], ['taa[VInt]+kU[Refl/Mid]+YkaA[Prog]+yaA[Pl]+q[1.Sbj][2.Obj]', 'taa[VInt]+kU[Refl/Mid]+YkaA[Prog]+yaA[Pl]+q[Hab]', 'taa[VInt]+kU[Refl/Mid]+YkaA[Prog]+yaA[Pl]+q[Agt]']]
Lehyonaryu yaykoqkunapis yarqurna qallaykuyarqan, puntata Fabián Reyes, Honoratu Velásquez i Cefirinu Tahua, warminkunata mantsar, porki warminkuna ninaq, “Tsay protestantikunawan huntarirqa, ama warmilla nimaytsu.”	Los que habían entrado como legionarios comenzaron a salir, primero Fabián Reyes, Honorato Velásquez y Cefirino Tahua, por miedo a sus esposas, porque sus esposas dijeron, “Si te juntas con esos protestantes, no me llames tu esposa.”	CRH-09-035	[['lehyonaryu[UNK]'], ['yaykoqkunapis[UNK]'], ['yarqu[VTr]+r[Cnv](N)+na[Acp]'], ['qalla[VTr]+yku[Intens]+yaA[Pl]+rqa[Pst]+n[3]'], ['punta[N]+ta[Obj]'], ['fabián[UNK]'], ['reyes[UNK]'], ['honoratu[UNK]'], ['velásquez[UNK]'], ['i[CCONJ]'], ['cefirinu[UNK]'], ['tahua[UNK]'], ['warmi[N]+n[Poss.3]+kuna[Pl]+ta[Obj]'], ['mantsa[VTr]+r[Cnv](N)'], ['porki[UNK]'], ['warmi[N]+n[Poss.3]+kuna[Pl]'], ['ni[VTr]+naq[Rpst]', 'ni[VTr]+naA[Prosp]+q[1.Sbj][2.Obj]', 'ni[VTr]+naA[Prosp]+q[Hab]', 'ni[VTr]+naA[Prosp]+q[Agt]'], ['tsay[DET]'], ['protestanti[N]+kuna[Pl]+wan[Com]'], ['hunta[VTr]+rI[Pct]+r[Cnv](N)+qa[Top]', 'hunta[VTr]+rI[Pct]+rqa[Pst][3]'], ['ama[ADV]'], ['warmi[N]+lla[Lim]', 'warmi[N]+llaA[Lim]'], ['ni[VTr]+maA[1.Obj]+y[Imp.2]+tsu[Neg]']]
Waraanin quyanam padri nimarqan, “Imanawpis tarimushaqmi eskwelaman kachamunaapaq.”	El día siguiente en la mañana el padre me dijo, “De cualquier manera voy a encontrar a alguien para mandar a la escuela.	CRH-06-039	[['waraa[VInt]+n[3]', 'waraanin[ADV]'], ['qu[VTr]+yaA[Pl]+na[Nec](N)+mi[Asrt]', 'quya[N]+na[Acp]+mi[Asrt]', 'quya[VTr]+na[Nec](N)+mi[Asrt]'], ['padri[N]'], ['ni[VTr]+maA[1.Obj]+rqa[Pst]+n[3]', 'ni[VTr]+maA[1.Obj]+rqa[Pst]+n[3.Sbj]'], ['imanaw[ADV]+pis[Coord]'], ['tari[VTr]+mu[Cis]+shaq[Fut.1]+mi[Asrt]'], ['eskwela[N]+man[Dat]'], ['kacha[VTr]+mu[Cis]+na[Nec](N)+ː[Poss.1Sg]+paq[Ben]']]
Las nwebinam yarqarayaamurqaa Paryakotupita.	A las nueve salimos de Pariacoto.	CRH-03-239	[['las[DET]'], ['nwebi[NUM.Card]+na[Acp]+mi[Asrt]'], ['yarqa[VInt]+rI[Pct]+yaA[Pl]+mu[Cis]+rqa[Pst]+ː[1]', 'yarqu[VTr]+rI[Pct]+yaA[Pl]+mu[Cis]+rqa[Pst]+ː[1]'], ['paryakotupita[UNK]']]
Despwesnam chakrata alistantsik unaypita saachikur.	Después, alistamos la chacra con abono de animales durante mucho tiempo.	CRH-19-004	[['despwes+na[Acp]+mi[Asrt]'], ['chakra[N]+ta[Obj]'], ['alista[VTr]+ntsik[2Pl.Inc]'], ['unay[N]+pita[Abl]'], ['saachi[VTr]+yku[Intens]+r[Cnv](N)', 'saachi[VTr]+kU[Refl/Mid]+r[Cnv](N)']]
Tsaynash Enriqueqa willarin, “Imanawtaq kay asuntuta remedyaykushaq? Limpunam kañaa perdirin.	Entonces Enrique le dijo, “¿Cómo voy a solucionar este asunto? Mi caña se pierde por completo.	CRH-95-006	[['tsayna[ADV]+shi[Nfh]'], ['enrique[PROPN]+qa[Top]'], ['willa[VTr]+rI[Pct]+n[3]'], ['imanawtaq[UNK]'], ['ka[AUX]+y[Imp.2]', 'ka[AUX]+y[Inf]', 'kay[DET]'], ['asuntuta[UNK]'], ['remedya[VTr]+yku[Intens]+shaq[Fut.1]'], ['limpu[ADV]+na[Acp]+mi[Asrt]'], ['kaña[N]+ː[Poss.1Sg]'], ['perdi[V]+rI[Pct]+n[3]']]
Nuqatapis padrinu qatswaq inbitamarqanmi.	A mí también el padrino me invitó a bailar.	CRH-06-076	[['nuqa[PRON.Prs]+ta[Obj]+pis[Coord]'], ['padrinu[N]'], ['qatswa[VInt]+q[1.Sbj][2.Obj]', 'qatswa[VInt]+q[Hab]', 'qatswa[VInt]+q[Agt]'], ['inbitamarqanmi[UNK]']]
Despwes aywakamurqaa kareterata awtu shuyaq.	Después fui a la carretera a esperar un carro.	CRH-06-316	[['despwes'], ['aywa[VTr]+kU[Refl/Mid]+mu[Cis]+rqa[Pst]+ː[1]', 'aywa[VTr]+kaA[Pass]+mu[Cis]+rqa[Pst]+ː[1]'], ['karetera[N]+ta[Obj]'], ['awtu[N]'], ['shuya[VTr]+q[1.Sbj][2.Obj]', 'shuya[VTr]+q[Hab]', 'shuya[VTr]+q[Agt]']]
Tsayta nikuptin warmayqa ayqipa aywakamurqun, mana nuqatapis willamashniipa.	Cuando dijo eso, mi esposa vino corriendo, sin decirme nada.	CRH-17-120	[['tsay[PRON.Dem]+ta[Obj]'], ['ni[VTr]+yku[Intens]+pti[Cnv](N)+n[Poss.3]', 'ni[VTr]+kU[Refl/Mid]+pti[Cnv](N)+n[Poss.3]'], ['warmayqa[UNK]'], ['ayqipa[UNK]'], ['aywa[VTr]+kU[Refl/Mid]+mu[Cis]+rqu[RecPst]+n[3]', 'aywa[VTr]+kaA[Pass]+mu[Cis]+rqu[RecPst]+n[3]'], ['mana[ADV]', 'mana[INTJ]'], ['nuqa[PRON.Prs]+ta[Obj]+pis[Coord]'], ['willamashniipa[UNK]']]
Puntata apan kankata, aytsa kankashqata.	Primero lleva asado, carne asada.	CRH-29-104	[['punta[N]+ta[Obj]'], ['apa[VTr]+n[3]'], ['kanka[N]+ta[Obj]'], ['aytsa[N]'], ['kanka[VTr]+shqa[Prf](N)+ta[Obj]']]
Semanatam yarqamurqan kachakaarir ospitalpita.	Después de una semana salió del hospital casi sano.	CRH-10-070	[['semana[N]+ta[Obj]+mi[Asrt]'], ['yarqa[VInt]+mu[Cis]+rqa[Pst]+n[3]', 'yarqu[VTr]+mu[Cis]+rqa[Pst]+n[3]'], ['kacha[VTr]+kaA[Pass]+rI[Pct]+r[Cnv](N)', 'kachakaa[VInt]+rI[Pct]+r[Cnv](N)'], ['ospital[N]+pita[Abl]']]
Kaychaw resakuqkunam kulpayuq kayan, paykuna manaalli resayashqanmi.	los que rezan aquí tienen la culpa, porque sus oraciones son malas.	CRH-04-069	[['ka[AUX]+y[Inf]+chaw[Loc]', 'kaychaw[ADV]'], ['resa[V]+kU[Refl/Mid]+q[Agt]+kuna[Pl]+mi[Asrt]'], ['kulpayuq[UNK]'], ['ka[AUX]+yaA[Pl]+n[3]', 'kaya[VTr]+n[3]'], ['paykuna[PRON.Prs]'], ['manaalli[UNK]'], ['resa[V]+yaA[Pl]+shqa[Prf](N)+n[Poss.3]+mi[Asrt]']]
Mitsiqmi uushakunata qatiykan	El pastor está arreando las ovejas.	DIC-MINEDU-2005-487	[['mitsi[VTr]+q[1.Sbj][2.Obj]+mi[Asrt]', 'mitsi[VTr]+q[Hab]+mi[Asrt]', 'mitsi[VTr]+q[Agt]+mi[Asrt]'], ['uusha[N]+kuna[Pl]+ta[Obj]'], ['qati[VTr]+YkaA[Prog]+n[3]']]
Ishkayki mayor kargukuna parlayaamii.	Ustedes dos autoridades mayores conversen.	CRH-03-082	[['ishka[N]+yki[Poss.2]', 'ishka[NUM]+yki[Poss.2](Pron.Sets)'], ['mayor[UNK]'], ['kargukuna[UNK]'], ['parlayaamii[UNK]']]
Tsayna patronqa willarqunaq kaynawmi: “Unayna huk dyabluwan kontratuta ruraykuyarqaa, allaapa waktsa karnin, imaykapis qillayniipis qumananpaq.	Entonces el patrón le dijo, “Hace tiempo cuando era muy pobre, yo hice contrato con un diablo para que me diera mucho dinero.	CRH-98-073	[['tsayna[ADV]'], ['patron[N]+qa[Top]'], ['willa[VTr]+rqu[RecPst][3]+naq[Rpst]'], ['ka[AUX]+y[Inf]+naw[Equ]+mi[Asrt]', 'kaynaw[ADV]+mi[Asrt]'], ['unay[N]+na[Acp]'], ['huk[NUM.Card]', 'huk[DET]'], ['dyablu[N]+wan[Com]'], ['kontratu[N]+ta[Obj]'], ['rura[VTr]+yku[Intens]+yaA[Pl]+rqa[Pst]+ː[1]'], ['allaapa[N]', 'allaapa[ADV]'], ['waktsa[ADJ]'], ['ka[AUX]+r[Cnv](N)+n[Poss.3]'], ['imayka[PRON]+pis(Pron.Indef)'], ['qillay[N]+ː[Poss.1Sg]+pis[Coord]'], ['qumananpaq[UNK]']]
Resupita i misapita nunakuna yarquyaq limpu allpapa pichushqa.	Cuando la gente salía del rezo y de misa, estaban muy sucios con tierra.	CRH-03-204	[['resupita[UNK]'], ['i[CCONJ]'], ['misa[N]+pita[Abl]'], ['nuna[N]+kuna[Pl]'], ['yarqu[VTr]+yaA[Pl]+q[1.Sbj][2.Obj]', 'yarqu[VTr]+yaA[Pl]+q[Hab]', 'yarqu[VTr]+yaA[Pl]+q[Agt]'], ['limpu[ADJ]', 'limpu[ADV]'], ['allpa[N]+pa[Man]', 'allpa[N]+pa[Prol]', 'allpa[N]+pa[Gen]'], ['pichu[VTr]+shqa[Prf](N)']]
I tsaynawpa qarqarayaamunaq tsay mormonkunata.	Y así botaron a esos mormones.	CRH-07-428	[['i[CCONJ]'], ['tsaynawpa[UNK]'], ['qarqu[VTr]+rI[Pct]+yaA[Pl]+mu[Cis]+naq[Rpst]'], ['tsay[DET]'], ['mormonkunata[UNK]']]
Tsaynash Luisqa riwikushpanalla nawinta kutarinaq hayllana ardaypa.	Entonces Luis jaló, libró su mano y se dio un puñete en el ojo de propósito.	CRH-10-055	[['tsayna[ADV]+shi[Nfh]'], ['luis[PROPN]+qa[Top]'], ['riwikushpanalla[UNK]'], ['nawi[N]+n[Poss.3]+ta[Obj]'], ['kutarinaq[UNK]'], ['hayllana[UNK]'], ['ardaypa[UNK]']]
Rinrii tsaparaptinmi manam imatapis wiyaatsu	Cuando mis orejas están tapadas no escucho nada	DIC-MINEDU-2005-574	[['rinri[N]+ː[Poss.1Sg]'], ['tsapa[VTr]+rI[Pct]+pti[Cnv](N)+n[Poss.3]+mi[Asrt]', 'tsapa[VTr]+raA[Dur]+pti[Cnv](N)+n[Poss.3]+mi[Asrt]'], ['mana[ADV]+mi[Asrt]'], ['ima[PRON]+ta[Obj]+pis(Pron.Indef)'], ['wiya[VTr]+ː[1]+tsu[Neg]']]
