Manam qunqayaqtsu imaypis.	No lo olvidaban nunca.	AKH-048	[['mana[ADV]+mi[Asrt]'], ['qunqa[VTr]+yaA[Pl]+q[Hab]+tsu[Neg]'], ['imay[PRON]+pis(Pron.Indef)']]	[[('Mana', 'mana'), ('m', 'mi')], [('qunqa', 'qunqa'), ('ya', 'yaA'), ('q', 'q'), ('tsu', 'tsu')], [('imay', 'imay')]]
Tsaypitaqa mana mantsakushpa hatun Apukuna wayinchaw ashirnash qallakuykuyaanaq; nawpa Chawin Apukunapa wayintapis huchur qallayaanaqshi.	Porque inmediatamente, sin guardar respeto a los dioses habían comenzado a llevarse el oro y la plata de los templos; hasta habían comenzado a destruir el templo de los antiguos dioses Chavín;	AKH-063	[['tsay[PRON]+pita[Abl]+qa[Top]'], ['mana[ADV]'], ['mantsa[VTr]+kU[Refl/Mid]+shpa[Grd]'], ['hatun[ADJ]'], ['apu[N]+kuna[Pl]'], ['wayi[N]+n[Poss.3]+chaw[Loc]'], ['ashi[VTr]+r[Cnv](N)+na[Acp]+shi[Nfh]'], ['qalla[VTr]+kU[Refl/Mid]+yku[Intens]+yaA[Pl]+naq[Rpst]'], ['nawpa[N]'], ['chawin[PROPN]'], ['apu[N]+kuna[Pl]+pa[Gen]'], ['wayi[N]+n[Poss.3]+ta[Obj]+pis[Coord]'], ['huchu[VInt]+r[Cnv](N)'], ['qalla[VTr]+yaA[Pl]+naq[Rpst]+shi[Nfh]']]	[[('Tsay', 'tsay'), ('pita', 'pita'), ('qa', 'qa')], [('mana', 'mana')], [('mantsa', 'mantsa'), ('ku', 'kU'), ('shpa', 'shpa')], [('hatun', 'hatun')], [('Apu', 'apu'), ('kuna', 'kuna')], [('wayi', 'wayi'), ('n', 'n'), ('chaw', 'chaw')], [('ashi', 'ashi'), ('r', 'r'), ('na', 'na'), ('sh', 'shi')], [('qalla', 'qalla'), ('ku', 'kU'), ('yku', 'yku'), ('yaa', 'yaA'), ('naq', 'naq')], [('nawpa', 'nawpa')], [('Chawin', 'chawin')], [('Apu', 'apu'), ('kuna', 'kuna'), ('pa', 'pa')], [('wayi', 'wayi'), ('n', 'n'), ('ta', 'ta'), ('pis', 'pis')], [('huchu', 'huchu'), ('r', 'r')], [('qalla', 'qalla'), ('yaa', 'yaA'), ('naq', 'naq'), ('shi', 'shi')]]
Tsaynaw nirirnam huk wamrata tsariykur ruquriyta munarqan.	Cogiendo a uno intentó hacerlo.	AKH-076	[['tsay[PRON]+naw[Equ]'], ['ni[VTr]+rI[Pct]+r[Cnv](N)+na[Acp]+mi[Asrt]'], ['huk[DET]'], ['wamra[N]+ta[Obj]'], ['tsari[VTr]+yku[Intens]+r[Cnv](N)'], ['ruqu[VTr]+rI[Pct]+y[Inf]+ta[Obj]'], ['muna[VTr]+rqa[Pst]+n[3]']]	[[('Tsay', 'tsay'), ('naw', 'naw')], [('ni', 'ni'), ('ri', 'rI'), ('r', 'r'), ('na', 'na'), ('m', 'mi')], [('huk', 'huk')], [('wamra', 'wamra'), ('ta', 'ta')], [('tsari', 'tsari'), ('yku', 'yku'), ('r', 'r')], [('ruqu', 'ruqu'), ('ri', 'rI'), ('y', 'y'), ('ta', 'ta')], [('muna', 'muna'), ('rqa', 'rqa'), ('n', 'n')]]
Tayta Amarunawmi kayan, niyaqmi mantsakashqa runakuna.	Como el tayta Amaru son esos toros, decían temerosos los runas.	AKH-099	[['tayta[N]'], ['amaru[PROPN]+naw[Equ]+mi[Asrt]'], ['ka[AUX]+yaA[Pl]+n[3]', 'kaya[VTr]+n[3]'], ['ni[VTr]+yaA[Pl]+q[Hab]+mi[Asrt]'], ['mantsakaa[VInt]+shqa[Prf](N)'], ['runa[N]+kuna[Pl]']]	[[('Tayta', 'tayta')], [('Amaru', 'amaru'), ('naw', 'naw'), ('mi', 'mi')], [('ka', 'ka'), ('ya', 'yaA'), ('n', 'n')], [('ni', 'ni'), ('ya', 'yaA'), ('q', 'q'), ('mi', 'mi')], [('mantsaka', 'mantsakaa'), ('mantsaka', 'mantsakaa')], [('runa', 'runa'), ('kuna', 'kuna')]]
Apariq mitaqkuna, waskakunawan, qaratsa pikshakunawan apayaq rumi rumintin qillayniita, españakunapa mulinunkunaman, hornunkunaman, hatun wayi ingeniu nishqan kutakancha urannin Tampu mayu kunchunkama.	Los mitayos apires o cargadores, con sus sogas y capachos de cuero cargaban el mineral hasta los molinos y hornos del ingenio, más abajo de Cuta Cancha junto al río Tampu.	AKH-119	[['apa[VTr]+rI[Pct]+q[Agt]'], ['mitaq[N]+kuna[Pl]'], ['waska[N]+kuna[Pl]+wan[Com]'], ['qaratsa[N]'], ['piksha[N]+kuna[Pl]+wan[Com]'], ['apa[VTr]+yaA[Pl]+q[Hab]'], ['rumi[N]'], ['rumi[N]+ntin[Tot]'], ['qillay[N]+ː[Poss.1Sg]+ta[Obj]'], ['españakuna[N]+pa[Gen]'], ['mulinu[N]+n[Poss.3]+kuna[Pl]+man[Dat]'], ['hornu[N]+n[Poss.3]+kuna[Pl]+man[Dat]'], ['hatun[ADJ]'], ['wayi[N]'], ['ingeniu[N]'], ['ni[VTr]+shqa[Prf](N)+n[Poss.3]'], ['kutakancha[PROPN]'], ['uran[N]+n[Poss.3]'], ['tampu[PROPN]'], ['mayu[N]'], ['kunchu[N]+n[Poss.3]+kama[Ter]']]	[[('Apa', 'apa'), ('ri', 'rI'), ('q', 'q')], [('mitaq', 'mitaq'), ('kuna', 'kuna')], [('waska', 'waska'), ('kuna', 'kuna'), ('wan', 'wan')], [('qaratsa', 'qaratsa')], [('piksha', 'piksha'), ('kuna', 'kuna'), ('wan', 'wan')], [('apa', 'apa'), ('ya', 'yaA'), ('q', 'q')], [('rumi', 'rumi')], [('rumi', 'rumi'), ('ntin', 'ntin')], [('qillay', 'qillay'), ('ni', 0), ('i', 'ː'), ('ta', 'ta')], [('españakuna', 'españakuna'), ('pa', 'pa')], [('mulinu', 'mulinu'), ('n', 'n'), ('kuna', 'kuna'), ('man', 'man')], [('hornu', 'hornu'), ('n', 'n'), ('kuna', 'kuna'), ('man', 'man')], [('hatun', 'hatun')], [('wayi', 'wayi')], [('ingeniu', 'ingeniu')], [('ni', 'ni'), ('shqa', 'shqa'), ('n', 'n')], [('kutakancha', 'kutakancha')], [('uran', 'uran'), ('ni', 0), ('n', 'n')], [('Tampu', 'tampu')], [('mayu', 'mayu')], [('kunchu', 'kunchu'), ('n', 'n'), ('kama', 'kama')]]
Awkinkuna niyaqta wiyaq kaami: “Imanaw kanqanpis musyakuynatsu; españakunam banderanta markaakunaman churarayaamun, tsayta hitakacharkurnam patriotakuna hina banderanta hawiyaraamun; niykurqa mosu runaakunata apakuyan ejercitunpaq ishkanpis.	Les escuchaba decir a sus ancianos: “No entendemos bien lo que pasa: los españoles colocan su bandera en nuestro pueblo, los criollos lo arrojan y colocan el suyo; por otra parte ambos se llevan a nuestros jóvenes para su ejército.	AKH-192	[['awkin[N]+kuna[Pl]'], ['ni[VTr]+yaA[Pl]+q[Agt]+ta[Obj]'], ['wiya[VTr]+q[Hab]'], ['ka[AUX]+ː[1]+mi[Asrt]'], ['imanaw[ADV]'], ['ka[AUX]+nqa[Sub](N)+n[Poss.3]+pis[Coord]'], ['musya[VTr]+kU[Refl/Mid]+y[Inf]+na[Acp]+tsu[Neg]'], ['españakuna[N]+mi[Asrt]'], ['bandera[N]+n[Poss.3]+ta[Obj]'], ['marka[N]+ːkuna[Poss.1Pl.Excl]+man[Dat]'], ['chura[VTr]+rI[Pct]+yaA[Pl]+mu[Cis]+n[3]'], ['tsay[PRON.Dem]+ta[Obj]'], ['hita[VTr]+kachaA[Iter]+rku[Edu]+r[Cnv](N)+na[Acp]+mi[Asrt]'], ['patriota[N]+kuna[Pl]'], ['hina[ADV]'], ['bandera[N]+n[Poss.3]+ta[Obj]'], ['hawi[N]+yaA[Pl]+raA[Dur]+mu[Cis]+n[3]'], ['ni[VTr]+yku[Intens]+r[Cnv](N)+qa[Top]'], ['mosu[N]'], ['runa[N]+ːkuna[Poss.1Pl.Excl]+ta[Obj]'], ['apa[VTr]+kU[Refl/Mid]+yaA[Pl]+n[3]'], ['ejercitu[N]+n[Poss.3]+paq[Ben]'], ['ishka[NUM]+n[Poss.3](Pron.Sets)+pis[Coord]']]	[[('Awkin', 'awkin'), ('kuna', 'kuna')], [('ni', 'ni'), ('ya', 'yaA'), ('q', 'q'), ('ta', 'ta')], [('wiya', 'wiya'), ('q', 'q')], [('ka', 'ka'), ('a', 'ː'), ('mi', 'mi')], [('Imanaw', 'imanaw')], [('ka', 'ka'), ('nqa', 'nqa'), ('n', 'n'), ('pis', 'pis')], [('musya', 'musya'), ('ku', 'kU'), ('y', 'y'), ('na', 'na'), ('tsu', 'tsu')], [('españakuna', 'españakuna'), ('m', 'mi')], [('bandera', 'bandera'), ('n', 'n'), ('ta', 'ta')], [('marka', 'marka'), ('akuna', 'ːkuna'), ('man', 'man')], [('chura', 'chura'), ('ra', 'rI'), ('yaa', 'yaA'), ('mu', 'mu'), ('n', 'n')], [('tsay', 'tsay'), ('ta', 'ta')], [('hita', 'hita'), ('kacha', 'kachaA'), ('rku', 'rku'), ('r', 'r'), ('na', 'na'), ('m', 'mi')], [('patriota', 'patriota'), ('kuna', 'kuna')], [('hina', 'hina')], [('bandera', 'bandera'), ('n', 'n'), ('ta', 'ta')], [('hawi', 'hawi'), ('ya', 'yaA'), ('raa', 'raA'), ('mu', 'mu'), ('n', 'n')], [('ni', 'ni'), ('yku', 'yku'), ('r', 'r'), ('qa', 'qa')], [('mosu', 'mosu')], [('runa', 'runa'), ('akuna', 'ːkuna'), ('ta', 'ta')], [('apa', 'apa'), ('ku', 'kU'), ('ya', 'yaA'), ('n', 'n')], [('ejercitu', 'ejercitu'), ('n', 'n'), ('paq', 'paq')], [('ishka', 'ishka'), ('n', 'n'), ('pis', 'pis')]]
Limapis patriotakunapa makinchawnam.	También Lima ya está en manos de los patriotas.	AKH-199	[['lima[PROPN]+pis[Coord]'], ['patriota[N]+kuna[Pl]+pa[Gen]'], ['maki[N]+n[Poss.3]+chaw[Loc]+na[Acp]+mi[Asrt]']]	[[('Lima', 'lima'), ('pis', 'pis')], [('patriota', 'patriota'), ('kuna', 'kuna'), ('pa', 'pa')], [('maki', 'maki'), ('n', 'n'), ('chaw', 'chaw'), ('na', 'na'), ('m', 'mi')]]
Kuta Kancha uraychawnam churayarqan planta concentradora nishqanta, Tampu Mayupa yakunta apaykurnin.	y más abajo, junto a las chacras de los cutacanchinos instalaron una concentradora que decían aprovechando las aguas del río Tampu para su molino.	AKH-218	[['kuta[PROPN]'], ['kancha[PROPN]'], ['uray[N]+chaw[Loc]+na[Acp]+mi[Asrt]'], ['chura[VTr]+yaA[Pl]+rqa[Pst]+n[3]'], ['planta[N]'], ['concentradora[N]'], ['ni[VTr]+shqa[Prf](N)+n[Poss.3]+ta[Obj]'], ['tampu[N]'], ['mayu[N]+pa[Gen]'], ['yaku[N]+n[Poss.3]+ta[Obj]'], ['apa[VTr]+yku[Intens]+r[Cnv](N)+n[Poss.3]']]	[[('Kuta', 'kuta')], [('Kancha', 'kancha')], [('uray', 'uray'), ('chaw', 'chaw'), ('na', 'na'), ('m', 'mi')], [('chura', 'chura'), ('ya', 'yaA'), ('rqa', 'rqa'), ('n', 'n')], [('planta', 'planta')], [('concentradora', 'concentradora')], [('ni', 'ni'), ('shqa', 'shqa'), ('n', 'n'), ('ta', 'ta')], [('Tampu', 'tampu')], [('Mayu', 'mayu'), ('pa', 'pa')], [('yaku', 'yaku'), ('n', 'n'), ('ta', 'ta')], [('apa', 'apa'), ('yku', 'yku'), ('r', 'r'), ('ni', 0), ('n', 'n')]]
Isqun killanaw huelgawan llakiriryan, mallaqaariryan tsarakuykayaptinmi yurikarayaamurqan pukaypa pukaq, rawraq aqtsashqa runakuna, gringukuna.	Durante más de nueve meses cuando seguían resistiendo con temores y hambre, aparecieron hombres medio colorados, rubios, gringos.	AKH-279	[['isqun[NUM.Card]'], ['killa[N]+naw[Equ]'], ['huelga[N]+wan[Com]'], ['llaki[VTr]+rI[Pct]+r[Cnv](N)+yan[Dist]'], ['mallaqaa[VInt]+rI[Pct]+r[Cnv](N)+yan[Dist]'], ['tsara[VTr]+kU[Refl/Mid]+YkaA[Prog]+yaA[Pl]+pti[Cnv](N)+n[Poss.3]+mi[Asrt]'], ['yuri[VInt]+kU[Refl/Mid]+rI[Pct]+yaA[Pl]+mu[Cis]+rqa[Pst]+n[3]'], ['puka[VInt]+y[Inf]+pa[Man](ADV)'], ['puka[VInt]+q[Agt]'], ['rawra[VInt]+q[Agt]'], ['aqtsashqa[ADJ]'], ['runa[N]+kuna[Pl]'], ['gringu[N]+kuna[Pl]']]	[[('Isqun', 'isqun')], [('killa', 'killa'), ('naw', 'naw')], [('huelga', 'huelga'), ('wan', 'wan')], [('llaki', 'llaki'), ('ri', 'rI'), ('r', 'r'), ('yan', 'yan')], [('mallaqaa', 'mallaqaa'), ('ri', 'rI'), ('r', 'r'), ('yan', 'yan')], [('tsara', 'tsara'), ('ku', 'kU'), ('yka', 'YkaA'), ('ya', 'yaA'), ('pti', 'pti'), ('n', 'n'), ('mi', 'mi')], [('yuri', 'yuri'), ('ka', 'kU'), ('ra', 'rI'), ('yaa', 'yaA'), ('mu', 'mu'), ('rqa', 'rqa'), ('n', 'n')], [('puka', 'puka'), ('y', 'y'), ('pa', 'pa')], [('puka', 'puka'), ('q', 'q')], [('rawra', 'rawra'), ('q', 'q')], [('aqtsashqa', 'aqtsashqa')], [('runa', 'runa'), ('kuna', 'kuna')], [('gringu', 'gringu'), ('kuna', 'kuna')]]
Tsaymanpaqqa allinawmi tsay gringukuna qallaykuyarqan; dirigentikuna maakuqllam kaykaashun imatapis hananman mañakunapaq, niyaqmi.	En tal sentido empezaban bien esos gringos.	AKH-287	[['tsaymanpaq[ADV]+qa[Top]'], ['allinaw[ADV]+mi[Asrt]'], ['tsay[DET]'], ['gringu[N]+kuna[Pl]'], ['qalla[VTr]+yku[Intens]+yaA[Pl]+rqa[Pst]+n[3]'], ['dirigenti[N]+kuna[Pl]'], ['maaku[VTr]+q[Agt]+llaA[Lim]+mi[Asrt]'], ['ka[AUX]+YkaA[Prog]+shun[Fut][1Pl.Inc]'], ['ima[PRON]+ta[Obj]+pis(Pron.Indef)'], ['hana[N]+n[Poss.3]+man[Dat]'], ['maña[VTr]+kU[Refl/Mid]+na[Pot](N)+paq[Ben]'], ['ni[VTr]+yaA[Pl]+q[Hab]+mi[Asrt]']]	[[('Tsaymanpaq', 'tsaymanpaq'), ('qa', 'qa')], [('allinaw', 'allinaw'), ('mi', 'mi')], [('tsay', 'tsay')], [('gringu', 'gringu'), ('kuna', 'kuna')], [('qalla', 'qalla'), ('yku', 'yku'), ('ya', 'yaA'), ('rqa', 'rqa'), ('n', 'n')], [('dirigenti', 'dirigenti'), ('kuna', 'kuna')], [('maaku', 'maaku'), ('q', 'q'), ('lla', 'llaA'), ('m', 'mi')], [('ka', 'ka'), ('ykaa', 'YkaA'), ('shun', 'shun')], [('ima', 'ima'), ('ta', 'ta')], [('hana', 'hana'), ('n', 'n'), ('man', 'man')], [('maña', 'maña'), ('ku', 'kU'), ('na', 'na'), ('paq', 'paq')], [('ni', 'ni'), ('ya', 'yaA'), ('q', 'q'), ('mi', 'mi')]]
Imanawmi tsay rumikunachaw chipapaykuq qillaynii.	Cómo brillaba mi plata en esas piedras.	AKH-303	[['imanaw[ADV]+mi[Asrt]'], ['tsay[DET]'], ['rumi[N]+kuna[Pl]+chaw[Loc]'], ['chipapa[VInt]+yku[Intens]+q[Hab]'], ['qillay[N]+ː[Poss.1Sg]']]	[[('Imanaw', 'imanaw'), ('mi', 'mi')], [('tsay', 'tsay')], [('rumi', 'rumi'), ('kuna', 'kuna'), ('chaw', 'chaw')], [('chipapa', 'chipapa'), ('yku', 'yku'), ('q', 'q')], [('qillay', 'qillay'), ('ni', 0), ('i', 'ː')]]
Tsaytanam hina obrerukuna winariyaq taksha fierru karrukunaman; haqmannam raslla hurqarayaamuq ichikllallan trenpanaw.	Los obreros llenaban rápido esos trozos en pequeños carros de fierro que con un pequeño tren sacaba por unos rieles fuera de la mina; allí otra máquina, como si jugara nomás, lo cargaba en enormes volquetes, los que yendo y viniendo rápido llevaban el mineral a la concentradora.	AKH-304	[['tsay[PRON]+ta[Obj]+na[Acp]+mi[Asrt]'], ['hina[ADV]'], ['obreru[N]+kuna[Pl]'], ['wina[VTr]+rI[Pct]+yaA[Pl]+q[Hab]'], ['taksha[ADJ]'], ['fierru[N]'], ['karru[N]+kuna[Pl]+man[Dat]'], ['haq[N]+man[Dat]+na[Acp]+mi[Asrt]'], ['ras[ADV]+lla[Lim]'], ['hurqa[VTr]+rI[Pct]+yaA[Pl]+mu[Cis]+q[Hab]'], ['ichikllallan[ADV]'], ['tren[N]+pa[Man]+naw[Equ]']]	[[('Tsay', 'tsay'), ('ta', 'ta'), ('na', 'na'), ('m', 'mi')], [('hina', 'hina')], [('obreru', 'obreru'), ('kuna', 'kuna')], [('wina', 'wina'), ('ri', 'rI'), ('ya', 'yaA'), ('q', 'q')], [('taksha', 'taksha')], [('fierru', 'fierru')], [('karru', 'karru'), ('kuna', 'kuna'), ('man', 'man')], [('haq', 'haq'), ('man', 'man'), ('na', 'na'), ('m', 'mi')], [('ras', 'ras'), ('lla', 'lla')], [('hurqa', 'hurqa'), ('ra', 'rI'), ('yaa', 'yaA'), ('mu', 'mu'), ('q', 'q')], [('ichikllallan', 'ichikllallan')], [('tren', 'tren'), ('pa', 'pa'), ('naw', 'naw')]]
Tsay shumaq wayinkunachaw, asikuyaqmi mandakuqninkuna, imayka asikuypaqnaw niyanqan kanqantanawpis.	Pero sus jefes se rieron en sus oficinas lujosos como si fuera gracia las advertencias.	AKH-345	[['tsay[DET]'], ['shumaq[ADJ]'], ['wayi[N]+n[Poss.3]+kuna[Pl]+chaw[Loc]'], ['asi[VInt]+kU[Refl/Mid]+yaA[Pl]+q[Hab]+mi[Asrt]'], ['mandakuq[N]+n[Poss.3]+kuna[Pl]'], ['imayka[PRON]'], ['asi[VInt]+kU[Refl/Mid]+y[Inf]+paq[Ben]+naw[Equ]'], ['ni[VTr]+yaA[Pl]+nqa[Sub](N)+n[Poss.3]'], ['ka[AUX]+nqa[Sub](N)+n[Poss.3]+ta[Obj]+naw[Equ]+pis[Coord]']]	[[('Tsay', 'tsay')], [('shumaq', 'shumaq')], [('wayi', 'wayi'), ('n', 'n'), ('kuna', 'kuna'), ('chaw', 'chaw')], [('asi', 'asi'), ('ku', 'kU'), ('ya', 'yaA'), ('q', 'q'), ('mi', 'mi')], [('mandakuq', 'mandakuq'), ('ni', 0), ('n', 'n'), ('kuna', 'kuna')], [('imayka', 'imayka')], [('asi', 'asi'), ('ku', 'kU'), ('y', 'y'), ('paq', 'paq'), ('naw', 'naw')], [('ni', 'ni'), ('ya', 'yaA'), ('nqa', 'nqa'), ('n', 'n')], [('ka', 'ka'), ('nqa', 'nqa'), ('n', 'n'), ('ta', 'ta'), ('naw', 'naw'), ('pis', 'pis')]]
Tsaymi geologu nirqan patronninkunatapis, obrerukunatapis: Kay Kolki hirka allaapa hatun hirkam, falla nishqanmi qatsatsishqa, tsaypitanam rara rahukunapiq, rara quchakunapiq apakuykuna, aluvionkuna shamushqa; tsaymi yapaykuryan mineralta apakushqa Tampu uranpa.	Entonces explicó el geólogo a sus jefes y los obreros: el Kolki Hirka fue una gran montaña, pero lo partió una falla; luego, de los nevados y lagunas altas vinieron grandes aluviones que arrasaron todo y se llevaron repetidas veces el mineral por la quebrada del Tampu.	AKH-359	[['tsay[PRON]+mi[Asrt]'], ['geologu[N]'], ['ni[VTr]+rqa[Pst]+n[3]'], ['patron[N]+n[Poss.3]+kuna[Pl]+ta[Obj]+pis[Coord]'], ['obreru[N]+kuna[Pl]+ta[Obj]+pis[Coord]'], ['kay[DET]'], ['kolki[PROPN]'], ['hirka[PROPN]'], ['allaapa[ADV]'], ['hatun[ADJ]'], ['hirka[N]+mi[Asrt]'], ['falla[N]'], ['ni[VTr]+shqa[Prf](N)+n[Poss.3]+mi[Asrt]'], ['qatsa[VTr]+tsi[Fact]+shqa[Prf](N)'], ['tsay[PRON]+pita[Abl]+na[Acp]+mi[Asrt]'], ['rara[N]'], ['rahu[N]+kuna[Pl]+piq[Abl]'], ['rara[N]'], ['qucha[N]+kuna[Pl]+piq[Abl]'], ['apa[VTr]+kU[Refl/Mid]+y[Inf]+kuna[Pl]'], ['aluvion[N]+kuna[Pl]'], ['shamu[VTr]+shqa[Prf](N)'], ['tsay[PRON]+mi[Asrt]'], ['yapa[VTr]+yku[Intens]+r[Cnv](N)+yan[Dist]'], ['mineral[N]+ta[Obj]'], ['apa[VTr]+kU[Refl/Mid]+shqa[Prf](N)'], ['tampu[PROPN]'], ['ura[N]+n[Poss.3]+pa[Prol]']]	[[('Tsay', 'tsay'), ('mi', 'mi')], [('geologu', 'geologu')], [('ni', 'ni'), ('rqa', 'rqa'), ('n', 'n')], [('patron', 'patron'), ('ni', 0), ('n', 'n'), ('kuna', 'kuna'), ('ta', 'ta'), ('pis', 'pis')], [('obreru', 'obreru'), ('kuna', 'kuna'), ('ta', 'ta'), ('pis', 'pis')], [('Kay', 'kay')], [('Kolki', 'kolki')], [('hirka', 'hirka')], [('allaapa', 'allaapa')], [('hatun', 'hatun')], [('hirka', 'hirka'), ('m', 'mi')], [('falla', 'falla')], [('ni', 'ni'), ('shqa', 'shqa'), ('n', 'n'), ('mi', 'mi')], [('qatsa', 'qatsa'), ('tsi', 'tsi'), ('shqa', 'shqa')], [('tsay', 'tsay'), ('pita', 'pita'), ('na', 'na'), ('m', 'mi')], [('rara', 'rara')], [('rahu', 'rahu'), ('kuna', 'kuna'), ('piq', 'piq')], [('rara', 'rara')], [('qucha', 'qucha'), ('kuna', 'kuna'), ('piq', 'piq')], [('apa', 'apa'), ('ku', 'kU'), ('y', 'y'), ('kuna', 'kuna')], [('aluvion', 'aluvion'), ('kuna', 'kuna')], [('shamu', 'shamu'), ('shqa', 'shqa')], [('tsay', 'tsay'), ('mi', 'mi')], [('yapa', 'yapa'), ('yku', 'yku'), ('r', 'r'), ('yan', 'yan')], [('mineral', 'mineral'), ('ta', 'ta')], [('apa', 'apa'), ('ku', 'kU'), ('shqa', 'shqa')], [('Tampu', 'tampu')], [('ura', 'ura'), ('n', 'n'), ('pa', 'pa')]]
Kananqa llapanpis hamapakuykaayan huchusqa wayikunallachawnam llakikuy kawayta yarpakachar, waray waraantin mana musyakuypaq parlar, punuy chaamunqanyaq.	Ahora todos descansan en las casas desarmadas hablando de los inciertos tiempos que les esperan mientras les llega el sueño.	AKH-393	[['kanan[ADV]+qa[Top]'], ['llapa[PRON]+n[Poss.3]+pis[Coord]'], ['hama[VInt]+paA[Exc]+kU[Refl/Mid]+YkaA[Prog]+yaA[Pl]+n[3]'], ['huchusqa[ADJ]'], ['wayi[N]+kuna[Pl]+llaA[Lim]+chaw[Loc]+na[Acp]+mi[Asrt]'], ['llaki[VTr]+yku[Intens]+y[Inf]'], ['kawa[VInt]+y[Inf]+ta[Obj]'], ['yarpa[VTr]+kachaA[Iter]+r[Cnv](N)'], ['waray[N]'], ['waraa[N]+ntin[Tot]'], ['mana[ADV]'], ['musya[VTr]+kU[Refl/Mid]+y[Inf]+paq[Ben]'], ['parla[VInt]+r[Cnv](N)'], ['punuy[N]'], ['chaa[VTr]+mu[Cis]+nqa[Sub](N)+n[Poss.3]+yaq[Ter]']]	[[('Kanan', 'kanan'), ('qa', 'qa')], [('llapa', 'llapa'), ('n', 'n'), ('pis', 'pis')], [('hama', 'hama'), ('pa', 'paA'), ('ku', 'kU'), ('ykaa', 'YkaA'), ('ya', 'yaA'), ('n', 'n')], [('huchusqa', 'huchusqa')], [('wayi', 'wayi'), ('kuna', 'kuna'), ('lla', 'llaA'), ('chaw', 'chaw'), ('na', 'na'), ('m', 'mi')], [('llaki', 'llaki'), ('ku', 'yku'), ('y', 'y')], [('kawa', 'kawa'), ('y', 'y'), ('ta', 'ta')], [('yarpa', 'yarpa'), ('kacha', 'kachaA'), ('r', 'r')], [('waray', 'waray')], [('waraa', 'waraa'), ('ntin', 'ntin')], [('mana', 'mana')], [('musya', 'musya'), ('ku', 'kU'), ('y', 'y'), ('paq', 'paq')], [('parla', 'parla'), ('r', 'r')], [('punuy', 'punuy')], [('chaa', 'chaa'), ('mu', 'mu'), ('nqa', 'nqa'), ('n', 'n'), ('yaq', 'yaq')]]
—Kananpita witsaypaqa, nuqam kay markachaw pwediq mandakuq kaa —nishpa.	—De hoy en adelante, yo soy el que manda en este pueblo.	ARQA-1996-04	[['kanan[ADV]+pita[Abl]'], ['witsay[N]+pa[Man]+qa[Top]'], ['nuqa[PRON.Prs]+mi[Asrt]'], ['kay[DET]'], ['marka[N]+chaw[Loc]'], ['pwedi[VTr]+q[Agt]'], ['manda[V]+ku[Refl/Mid]+q[Agt]'], ['ka[AUX]+ː[1]'], ['ni[VTr]+shpa[Grd]']]	[[('Kanan', 'kanan'), ('pita', 'pita')], [('witsay', 'witsay'), ('pa', 'pa'), ('qa', 'qa')], [('nuqa', 'nuqa'), ('m', 'mi')], [('kay', 'kay')], [('marka', 'marka'), ('chaw', 'chaw')], [('pwedi', 'pwedi'), ('q', 'q')], [('manda', 'manda'), ('ku', 'ku'), ('q', 'q')], [('ka', 'ka'), ('a', 'ː')], [('ni', 'ni'), ('shpa', 'shpa')]]
Tsaypitanash wayinman aywakunaq kastankunapita despidikuqnin y testamentukuqnin.	Después fue a despedirse de su familia y hacer su testamento.	ARQA-1996-50	[['tsay[PRON]+pita[Abl]+na[Acp]+shi[Nfh]'], ['wayi[N]+n[Poss.3]+man[Dat]'], ['aywa[VTr]+kU[Refl/Mid]+naq[Rpst]'], ['kasta[N]+n[Poss.3]+kuna[Pl]+pita[Abl]'], ['despidi[V]+kU[Refl/Mid]+q[Agt]+n[Poss.3]'], ['y[CCONJ]'], ['testamentu[N]+ku[Refl/Mid]+q[Agt]+n[Poss.3]']]	[[('Tsay', 'tsay'), ('pita', 'pita'), ('na', 'na'), ('sh', 'shi')], [('wayi', 'wayi'), ('n', 'n'), ('man', 'man')], [('aywa', 'aywa'), ('ku', 'kU'), ('naq', 'naq')], [('kasta', 'kasta'), ('n', 'n'), ('kuna', 'kuna'), ('pita', 'pita')], [('despidi', 'despidi'), ('ku', 'kU'), ('q', 'q'), ('ni', 0), ('n', 'n')], [('y', 'y')], [('testamentu', 'testamentu'), ('ku', 'ku'), ('q', 'q'), ('ni', 0), ('n', 'n')]]
Tsaynawshi kay santukunaqa chaariyanaq Putsun Quchaman, kay huti shamun “ashmapa putsunyuq quchapita”. 	Así llegaron los santos a la orilla de una laguna que se llamaba Sarhui Qucha, que significa “laguna con restos de animales”.	CP-18-011	[['tsay[PRON]+naw[Equ]+shi[Nfh]'], ['kay[DET]'], ['santu[N]+kuna[Pl]+qa[Top]'], ['chaa[VTr]+rI[Pct]+yaA[Pl]+naq[Rpst]'], ['putsun[PROPN]'], ['qucha[PROPN]+man[Dat]'], ['kay[DET]'], ['huti[N]'], ['shamu[VTr]+n[3]'], ['ashma[N]+pa[Gen]'], ['putsu[N]+n[Poss.3]+yuq[Orn]'], ['qucha[N]+pita[Abl]']]	[[('Tsay', 'tsay'), ('naw', 'naw'), ('shi', 'shi')], [('kay', 'kay')], [('santu', 'santu'), ('kuna', 'kuna'), ('qa', 'qa')], [('chaa', 'chaa'), ('ri', 'rI'), ('ya', 'yaA'), ('naq', 'naq')], [('Putsun', 'putsun')], [('Qucha', 'qucha'), ('man', 'man')], [('kay', 'kay')], [('huti', 'huti')], [('shamu', 'shamu'), ('n', 'n')], [('ashma', 'ashma'), ('pa', 'pa')], [('putsu', 'putsu'), ('n', 'n'), ('yuq', 'yuq')], [('qucha', 'qucha'), ('pita', 'pita')]]
Nunaqa ayqir aywakunaq, Kura Hirkachaw chakran rurayta munanaqnatsu.	El campesino salió corriendo asustado y no quiso seguir haciendo sus chacras en Cura Urqu.	CP-19-005	[['nuna[N]+qa[Top]'], ['ayqi[VInt]+r[Cnv](N)'], ['aywa[VTr]+kU[Refl/Mid]+naq[Rpst]'], ['kura[PROPN]'], ['hirka[PROPN]+chaw[Loc]'], ['chakra[N]+n[Poss.3]'], ['rura[VTr]+y[Inf]+ta[Obj]'], ['muna[VTr]+naq[Rpst]+na[Acp]+tsu[Neg]']]	[[('Nuna', 'nuna'), ('qa', 'qa')], [('ayqi', 'ayqi'), ('r', 'r')], [('aywa', 'aywa'), ('ku', 'kU'), ('naq', 'naq')], [('Kura', 'kura')], [('Hirka', 'hirka'), ('chaw', 'chaw')], [('chakra', 'chakra'), ('n', 'n')], [('rura', 'rura'), ('y', 'y'), ('ta', 'ta')], [('muna', 'muna'), ('naq', 'naq'), ('na', 'na'), ('tsu', 'tsu')]]
Tsaynaw kaptinshi hichakacharkuq lichita, kiisutapis.	Tanto ganado tenía que desperdiciaba la leche y los quesos.	CP-19-015	[['tsay[PRON]+naw[Equ]'], ['ka[AUX]+pti[Cnv](N)+n[Poss.3]+shi[Nfh]'], ['hicha[VTr]+kachaA[Iter]+rku[Edu]+q[Hab]'], ['lichi[N]+ta[Obj]'], ['kiisu[N]+ta[Obj]+pis[Coord]']]	[[('Tsay', 'tsay'), ('naw', 'naw')], [('ka', 'ka'), ('pti', 'pti'), ('n', 'n'), ('shi', 'shi')], [('hicha', 'hicha'), ('kacha', 'kachaA'), ('rku', 'rku'), ('q', 'q')], [('lichi', 'lichi'), ('ta', 'ta')], [('kiisu', 'kiisu'), ('ta', 'ta'), ('pis', 'pis')]]
—Aku —niyaqshi waynakuna—aku siriinakunapa musyayninta yachakamushun.	—Vamos —decían los muchachos—vamos a aprender los secretos de las sirenas.	CP-20-002	[['aku[INTJ]'], ['ni[VTr]+yaA[Pl]+q[Hab]+shi[Nfh]'], ['wayna[N]+kuna[Pl]'], ['siriina[N]+kuna[Pl]+pa[Gen]'], ['musya[VTr]+y[Inf]+n[Poss.3]+ta[Obj]'], ['yacha[VTr]+kU[Refl/Mid]+mu[Cis]+shun[Imp.1Pl.Inc]']]	[[('Aku', 'aku')], [('ni', 'ni'), ('ya', 'yaA'), ('q', 'q'), ('shi', 'shi')], [('wayna', 'wayna'), ('kuna', 'kuna')], [('siriina', 'siriina'), ('kuna', 'kuna'), ('pa', 'pa')], [('musya', 'musya'), ('y', 'y'), ('ni', 0), ('n', 'n'), ('ta', 'ta')], [('yacha', 'yacha'), ('ka', 'kU'), ('mu', 'mu'), ('shun', 'shun')]]
I estrictamente uryayaanaq huqta hunaq, semana enteru, kada huqta killachaw.	Y trabajaron estrictamente seis días, e.d., una semana entera en cada seis meses.	CRH-01-005	[['i[CCONJ]'], ['estrictamente[ADV]'], ['urya[VTr]+yaA[Pl]+naq[Rpst]'], ['huqta[NUM.Card]'], ['hunaq[N]'], ['semana[N]'], ['enteru[ADJ]'], ['kada[DET]'], ['huqta[NUM.Card]'], ['killa[N]+chaw[Loc]']]	[[('I', 'i')], [('estrictamente', 'estrictamente')], [('urya', 'urya'), ('yaa', 'yaA'), ('naq', 'naq')], [('huqta', 'huqta')], [('hunaq', 'hunaq')], [('semana', 'semana')], [('enteru', 'enteru')], [('kada', 'kada')], [('huqta', 'huqta')], [('killa', 'killa'), ('chaw', 'chaw')]]
Tsaymi qallanan witsayqa alli abansayaamurqaa.	Entonces en el principio avanzamos bien.	CRH-01-022	[['tsay[PRON]+mi[Asrt]'], ['qalla[VTr]+na[Pot](N)+n[Poss.3]'], ['witsay[N]+qa[Top]'], ['alli[ADV]'], ['abansa[V]+yaA[Pl]+mu[Cis]+rqa[Pst]+ː[1]']]	[[('Tsay', 'tsay'), ('mi', 'mi')], [('qalla', 'qalla'), ('na', 'na'), ('n', 'n')], [('witsay', 'witsay'), ('qa', 'qa')], [('alli', 'alli')], [('abansa', 'abansa'), ('yaa', 'yaA'), ('mu', 'mu'), ('rqa', 'rqa'), ('a', 'ː')]]
I presidente de la hunta militar karqan Sánchez Cerro.	Y el presidente de la junta militar fue Sánchez Cerro.	CRH-01-077	[['i[CCONJ]'], ['presidente[N]'], ['de[ADP]'], ['la[DET]'], ['hunta[N]'], ['militar[ADJ]'], ['ka[AUX]+rqa[Pst]+n[3]'], ['sánchez[PROPN]'], ['cerro[PROPN]']]	[[('I', 'i')], [('presidente', 'presidente')], [('de', 'de')], [('la', 'la')], [('hunta', 'hunta')], [('militar', 'militar')], [('ka', 'ka'), ('rqa', 'rqa'), ('n', 'n')], [('Sánchez', 'sánchez')], [('Cerro', 'cerro')]]
Tsaytam wayiiman apakurqaa.	La llevé a mi casa.	CRH-02-034	[['tsay[PRON.Dem]+ta[Obj]+mi[Asrt]'], ['wayi[N]+ː[Poss.1Sg]+man[Dat]'], ['apa[VTr]+kU[Refl/Mid]+rqa[Pst]+ː[1]']]	[[('Tsay', 'tsay'), ('ta', 'ta'), ('m', 'mi')], [('wayi', 'wayi'), ('i', 'ː'), ('man', 'man')], [('apa', 'apa'), ('ku', 'kU'), ('rqa', 'rqa'), ('a', 'ː')]]
Manam yuriyashqatsu.	No aparecieron.	CRH-02-037	[['mana[ADV]+mi[Asrt]'], ['yuri[VInt]+yaA[Pl]+shqa[Prf](N)+tsu[Neg]']]	[[('Mana', 'mana'), ('m', 'mi')], [('yuri', 'yuri'), ('ya', 'yaA'), ('shqa', 'shqa'), ('tsu', 'tsu')]]
Tsay awkis aywaqpistsu allqukuna qarquq wamayarnin.	Ese viejo tampoco fue a botar los perros por miedo.	CRH-02-105	[['tsay[DET]'], ['awkis[N]'], ['aywa[VTr]+q[Agt]+pis[Coord]+tsu[Neg]'], ['allqu[N]+kuna[Pl]'], ['qarqu[VTr]+q[Agt]'], ['wamayaa[VInt]+r[Cnv](N)+n[Poss.3]']]	[[('Tsay', 'tsay')], [('awkis', 'awkis')], [('aywa', 'aywa'), ('q', 'q'), ('pis', 'pis'), ('tsu', 'tsu')], [('allqu', 'allqu'), ('kuna', 'kuna')], [('qarqu', 'qarqu'), ('q', 'q')], [('wamaya', 'wamayaa'), ('wamaya', 'wamayaa'), ('ni', 0), ('wamaya', 'wamayaa')]]
Ishkayki mayor kargukuna parlayaamuy.	Ustedes dos autoridades mayores conversen.	CRH-03-082	[['ishka[NUM]+yki[Poss.2](Pron.Sets)'], ['mayor[ADJ]'], ['kargu[N]+kuna[Pl]'], ['parla[VInt]+yaA[Pl]+mu[Cis]+y[Imp.2]']]	[[('Ishka', 'ishka'), ('yki', 'yki')], [('mayor', 'mayor')], [('kargu', 'kargu'), ('kuna', 'kuna')], [('parla', 'parla'), ('yaa', 'yaA'), ('mu', 'mu'), ('y', 'y')]]
I tsaynawllam karqan alli unay.	Y así no más quedó mucho tiempo.	CRH-03-193	[['i[CCONJ]'], ['tsay[PRON]+naw[Equ]+llaA[Lim]+mi[Asrt]'], ['ka[AUX]+rqa[Pst]+n[3]'], ['alli[ADJ]'], ['unay[N]']]	[[('I', 'i')], [('tsay', 'tsay'), ('naw', 'naw'), ('lla', 'llaA'), ('m', 'mi')], [('ka', 'ka'), ('rqa', 'rqa'), ('n', 'n')], [('alli', 'alli')], [('unay', 'unay')]]
Resupita i misapita nunakuna yarquyaq limpu allpapa pichushqa.	Cuando la gente salía del rezo y de misa, estaban muy sucios con tierra.	CRH-03-204	[['resu[N]+pita[Abl]'], ['i[CCONJ]'], ['misa[N]+pita[Abl]'], ['nuna[N]+kuna[Pl]'], ['yarqu[VTr]+yaA[Pl]+q[Hab]'], ['limpu[ADJ]'], ['allpa[N]+pa[Man]'], ['pichu[VTr]+shqa[Prf](N)']]	[[('Resu', 'resu'), ('pita', 'pita')], [('i', 'i')], [('misa', 'misa'), ('pita', 'pita')], [('nuna', 'nuna'), ('kuna', 'kuna')], [('yarqu', 'yarqu'), ('ya', 'yaA'), ('q', 'q')], [('limpu', 'limpu')], [('allpa', 'allpa'), ('pa', 'pa')], [('pichu', 'pichu'), ('shqa', 'shqa')]]
Las nwebinam yarqarayaamurqaa Paryakotupita.	A las nueve salimos de Pariacoto.	CRH-03-239	[['las[DET]'], ['nwebi[NUM.Card]+na[Acp]+mi[Asrt]'], ['yarqa[VInt]+rI[Pct]+yaA[Pl]+mu[Cis]+rqa[Pst]+ː[1]'], ['paryakotu[PROPN]+pita[Abl]']]	[[('Las', 'las')], [('nwebi', 'nwebi'), ('na', 'na'), ('m', 'mi')], [('yarqa', 'yarqa'), ('ra', 'rI'), ('yaa', 'yaA'), ('mu', 'mu'), ('rqa', 'rqa'), ('a', 'ː')], [('Paryakotu', 'paryakotu'), ('pita', 'pita')]]
Tsayta ashtariykurmi qallaykuyarqaa kapillata tuqlir.	Después de llevarlo, empezamos desarmando (el techo de) la iglesia.	CRH-03-251	[['tsay[PRON.Dem]+ta[Obj]'], ['ashta[VTr]+rI[Pct]+yku[Intens]+r[Cnv](N)+mi[Asrt]'], ['qalla[VTr]+yku[Intens]+yaA[Pl]+rqa[Pst]+ː[1]'], ['kapilla[N]+ta[Obj]'], ['tuqli[VTr]+r[Cnv](N)']]	[[('Tsay', 'tsay'), ('ta', 'ta')], [('ashta', 'ashta'), ('ri', 'rI'), ('yku', 'yku'), ('r', 'r'), ('mi', 'mi')], [('qalla', 'qalla'), ('yku', 'yku'), ('ya', 'yaA'), ('rqa', 'rqa'), ('a', 'ː')], [('kapilla', 'kapilla'), ('ta', 'ta')], [('tuqli', 'tuqli'), ('r', 'r')]]
Tsaynaw kontratuta rurariyarqaa.	Así hicimos el contrato.	CRH-03-294	[['tsay[PRON]+naw[Equ]'], ['kontratu[N]+ta[Obj]'], ['rura[VTr]+rI[Pct]+yaA[Pl]+rqa[Pst]+ː[1]']]	[[('Tsay', 'tsay'), ('naw', 'naw')], [('kontratu', 'kontratu'), ('ta', 'ta')], [('rura', 'rura'), ('ri', 'rI'), ('ya', 'yaA'), ('rqa', 'rqa'), ('a', 'ː')]]
Albañilwan kontratu rurayanqaaqa masna serkaramurqan i tsaynawlla kada bes nimarqan.	El día que hablamos fijado en el contrato con el albañil se acercaba y el prefecto seguía diciéndome lo mismo cada vez.	CRH-03-319	[['albañil[N]+wan[Com]'], ['kontratu[N]'], ['rura[VTr]+yaA[Pl]+nqa[Sub](N)+ː[Poss.1Sg]+qa[Top]'], ['mas[ADV]na[Acp]'], ['serka[VInt]+rI[Pct]+mu[Cis]+rqa[Pst]+n[3]'], ['i[CCONJ]'], ['tsay[PRON]+naw[Equ]+llaA[Lim]'], ['kada[DET]'], ['bes[N]'], ['ni[VTr]+maA[1.Obj]+rqa[Pst]+n[3]']]	[[('Albañil', 'albañil'), ('wan', 'wan')], [('kontratu', 'kontratu')], [('rura', 'rura'), ('ya', 'yaA'), ('nqa', 'nqa'), ('a', 'ː'), ('qa', 'qa')], [('mas', 'mas')], [('serka', 'serka'), ('ra', 'rI'), ('mu', 'mu'), ('rqa', 'rqa'), ('n', 'n')], [('i', 'i')], [('tsay', 'tsay'), ('naw', 'naw'), ('ll', 'llaA')], [('kada', 'kada')], [('bes', 'bes')], [('ni', 'ni'), ('ma', 'maA'), ('rqa', 'rqa'), ('n', 'n')]]
Qamkuna kompletutam quyaamaanayki.”	Ustedes tienen que dárnoslo completo.”	CRH-03-349	[['qamkuna[PRON.Prs]'], ['kompletu[ADJ]+ta[Obj](Adv)+mi[Asrt]'], ['qu[VTr]+yaA[Pl]+maA[1.Obj]+na[Pot](N)+yki[Poss.2]']]	[[('Qamkuna', 'qamkuna')], [('kompletu', 'kompletu'), ('ta', 'ta'), ('m', 'mi')], [('qu', 'qu'), ('yaa', 'yaA'), ('maa', 'maA'), ('na', 'na'), ('yki', 'yki')]]
Tsaywanmi rantiyarquu 130 kintalos yesuta.	Con eso hemos comprado 130 quintales de yeso.	CRH-03-412	[['tsay[PRON.Dem]+wan[Com]+mi[Asrt]'], ['ranti[VTr]+yaA[Pl]+rqu[RecPst]+ː[1]'], '130[Num]', ['kintalos[N]'], ['yesu[N]+ta[Obj]']]	[[('Tsay', 'tsay'), ('wan', 'wan'), ('mi', 'mi')], [('ranti', 'ranti'), ('ya', 'yaA'), ('rqu', 'rqu'), ('u', 'ː')], [], [('kintalos', 'kintalos')], [('yesu', 'yesu'), ('ta', 'ta')]]
Tsaynam aywarqaa plasata.	Entonces fui a la plaza.	CRH-04-066	[['tsayna[ADV]+mi[Asrt]'], ['aywa[VTr]+rqa[Pst]+ː[1]'], ['plasa[N]+ta[Obj]']]	[[('Tsayna', 'tsayna'), ('m', 'mi')], [('aywa', 'aywa'), ('rqa', 'rqa'), ('a', 'ː')], [('plasa', 'plasa'), ('ta', 'ta')]]
Kaychaw resakuqkunam kulpayuq kayan, paykuna manaalli resayashqanmi.	Los que rezan aquí tienen la culpa, porque sus oraciones son malas.	CRH-04-069	[['kay[PRON]+chaw[Loc]'], ['resa[V]+kU[Refl/Mid]+q[Agt]+kuna[Pl]+mi[Asrt]'], ['kulpa[N]+yuq[Orn]'], ['ka[AUX]+yaA[Pl]+n[3]'], ['paykuna[PRON.Prs]'], ['manaalli[ADV]'], ['resa[V]+yaA[Pl]+shqa[Prf](N)+n[Poss.3]+mi[Asrt]']]	[[('Kay', 'kay'), ('chaw', 'chaw')], [('resa', 'resa'), ('ku', 'kU'), ('q', 'q'), ('kuna', 'kuna'), ('m', 'mi')], [('kulpa', 'kulpa'), ('yuq', 'yuq')], [('ka', 'ka'), ('ya', 'yaA'), ('n', 'n')], [('paykuna', 'paykuna')], [('manaalli', 'manaalli')], [('resa', 'resa'), ('ya', 'yaA'), ('shqa', 'shqa'), ('n', 'n'), ('mi', 'mi')]]
Haychawmi kaykaanaq Victorina, lumtsiini, sobrinaa Santa, Reynaldu, Ramón, Damacho i Juan de Dios.	Allí estaban Victoria, mi cuñada, mi sobrina Santa, Reynaldo, Ramón, Damacho y Juan de Dios.	CRH-04-214	[['hay[PRON]+chaw[Loc]+mi[Asrt]'], ['ka[AUX]+YkaA[Prog]+naq[Rpst]'], ['victorina[PROPN]'], ['lumtsuy[N]+ː[Poss.1Sg]'], ['sobrina[N]+ː[Poss.1Sg]'], ['santa[PROPN]'], ['reynaldu[PROPN]'], ['ramón[PROPN]'], ['damacho[PROPN]'], ['i[CCONJ]'], ['juan[PROPN]'], ['de[ADP]'], ['dios[PROPN]']]	[[('Hay', 'hay'), ('chaw', 'chaw'), ('mi', 'mi')], [('ka', 'ka'), ('ykaa', 'YkaA'), ('naq', 'naq')], [('Victorina', 'victorina')], [('lumtsii', 'lumtsuy'), ('ni', 'ː')], [('sobrina', 'sobrina'), ('a', 'ː')], [('Santa', 'santa')], [('Reynaldu', 'reynaldu')], [('Ramón', 'ramón')], [('Damacho', 'damacho')], [('i', 'i')], [('Juan', 'juan')], [('de', 'de')], [('Dios', 'dios')]]
Tsay aywaraykarnam naanitana pantakuykuyaa i aywakuyaanaq kayaa huk ladupa.	Yendo por allí nos equivocamos el camino y fuimos por otro lado.	CRH-05-029	[['tsay[DET]'], ['aywa[VTr]+raA[Dur]+YkaA[Prog]+r[Cnv](N)+na[Acp]+mi[Asrt]'], ['naani[N]+ta[Obj]+na[Acp]'], ['panta[VTr]+kU[Refl/Mid]+yku[Intens]+yaA[Pl]+ː[1]'], ['i[CCONJ]'], ['aywa[VTr]+kU[Refl/Mid]+yaA[Pl]+naq[Rpst]'], ['ka[AUX]+yaA[Pl]+ː[1]'], ['huk[DET]'], ['ladu[N]+pa[Prol]']]	[[('Tsay', 'tsay')], [('aywa', 'aywa'), ('ra', 'raA'), ('yka', 'YkaA'), ('r', 'r'), ('na', 'na'), ('m', 'mi')], [('naani', 'naani'), ('ta', 'ta'), ('na', 'na')], [('panta', 'panta'), ('ku', 'kU'), ('yku', 'yku'), ('ya', 'yaA'), ('a', 'ː')], [('i', 'i')], [('aywa', 'aywa'), ('ku', 'kU'), ('yaa', 'yaA'), ('naq', 'naq')], [('ka', 'ka'), ('ya', 'yaA'), ('a', 'ː')], [('huk', 'huk')], [('ladu', 'ladu'), ('pa', 'pa')]]
Nuqakunanam nunakunata aylluyaamushaq tardi resakunapaq.	Nosotros íbamos a reunir la gente para rezar en la tarde.	CRH-05-090	[['nuqakuna[PRON.Prs]+na[Acp]+mi[Asrt]'], ['nuna[N]+kuna[Pl]+ta[Obj]'], ['ayllu[VTr]+yaA[Pl]+mu[Cis]+shaq[Fut.1]'], ['tardi[N]'], ['resa[V]+kU[Refl/Mid]+na[Pot](N)+paq[Ben]']]	[[('Nuqakuna', 'nuqakuna'), ('na', 'na'), ('m', 'mi')], [('nuna', 'nuna'), ('kuna', 'kuna'), ('ta', 'ta')], [('ayllu', 'ayllu'), ('yaa', 'yaA'), ('mu', 'mu'), ('shaq', 'shaq')], [('tardi', 'tardi')], [('resa', 'resa'), ('ku', 'kU'), ('na', 'na'), ('paq', 'paq')]]
I restawrantichawna senayarqaa ishkaa.	Y cenamos los dos en el restaurante.	CRH-06-021	[['i[CCONJ]'], ['restawranti[N]+chaw[Loc]+na[Acp]'], ['sena[V]+yaA[Pl]+rqa[Pst]+ː[1]'], ['ishka[NUM]+ː[Poss.1Sg](Pron.Sets)']]	[[('I', 'i')], [('restawranti', 'restawranti'), ('chaw', 'chaw'), ('na', 'na')], [('sena', 'sena'), ('ya', 'yaA'), ('rqa', 'rqa'), ('a', 'ː')], [('ishka', 'ishka'), ('a', 'ː')]]
Waraanin quyanam padri nimarqan, “Imanawpis tarimushaqmi eskwelaman kachamunaapaq.”	El día siguiente en la mañana el padre me dijo, “De cualquier manera voy a encontrar a alguien para mandar a la escuela.	CRH-06-039	[['waraanin[ADV]'], ['quya[N]+na[Acp]+mi[Asrt]'], ['padri[N]'], ['ni[VTr]+maA[1.Obj]+rqa[Pst]+n[3]'], ['imanaw[ADV]+pis[Coord]'], ['tari[VTr]+mu[Cis]+shaq[Fut.1]+mi[Asrt]'], ['eskwela[N]+man[Dat]'], ['kacha[VTr]+mu[Cis]+na[Pot](N)+ː[Poss.1Sg]+paq[Ben]']]	[[('Waraanin', 'waraanin')], [('quya', 'quya'), ('na', 'na'), ('m', 'mi')], [('padri', 'padri')], [('ni', 'ni'), ('ma', 'maA'), ('rqa', 'rqa'), ('n', 'n')], [('Imanaw', 'imanaw'), ('pis', 'pis')], [('tari', 'tari'), ('mu', 'mu'), ('shaq', 'shaq'), ('mi', 'mi')], [('eskwela', 'eskwela'), ('man', 'man')], [('kacha', 'kacha'), ('mu', 'mu'), ('na', 'na'), ('a', 'ː'), ('paq', 'paq')]]
Unay shuyaraykaptii, porfin yurikamur huk kolektibu Wallankaman, tsaywanmi shamuykuyarqaa alli shuyni limpu polvaderawan tsapashqa.	Después de esperar largo rato, por fin llegó un colectivo que iba a Huallanca y con ese carro fuimos, completamente cubiertos de polvo.	CRH-06-042	[['unay[N]'], ['shuya[VTr]+raA[Dur]+YkaA[Prog]+pti[Cnv](N)+ː[Poss.1Sg]'], ['porfin[ADV]'], ['yuri[VInt]+yku[Intens]+mu[Cis]+r[Cnv](N)'], ['huk[DET]'], ['kolektibu[N]'], ['wallanka[PROPN]+man[Dat]'], ['tsay[PRON.Dem]+wan[Com]+mi[Asrt]'], ['shamu[VTr]+yku[Intens]+yaA[Pl]+rqa[Pst]+ː[1]'], ['alli[ADJ]'], ['shuyni[ADJ]'], ['limpu[ADJ]'], ['polvadera[N]+wan[Com]'], ['tsapa[VTr]+shqa[Prf](N)']]	[[('Unay', 'unay')], [('shuya', 'shuya'), ('ra', 'raA'), ('yka', 'YkaA'), ('pti', 'pti'), ('i', 'ː')], [('porfin', 'porfin')], [('yuri', 'yuri'), ('ku', 'yku'), ('mu', 'mu'), ('r', 'r')], [('huk', 'huk')], [('kolektibu', 'kolektibu')], [('Wallanka', 'wallanka'), ('man', 'man')], [('tsay', 'tsay'), ('wan', 'wan'), ('mi', 'mi')], [('shamu', 'shamu'), ('yku', 'yku'), ('ya', 'yaA'), ('rqa', 'rqa'), ('a', 'ː')], [('alli', 'alli')], [('shuyni', 'shuyni')], [('limpu', 'limpu')], [('polvadera', 'polvadera'), ('wan', 'wan')], [('tsapa', 'tsapa'), ('shqa', 'shqa')]]
Nuqatapis padrinu qatswaq inbitamarqanmi.	A mí también el padrino me invitó a bailar.	CRH-06-076	[['nuqa[PRON.Prs]+ta[Obj]+pis[Coord]'], ['padrinu[N]'], ['qatswa[VInt]+q[Agt]'], ['inbita[VTr]+maA[1.Obj]+rqa[Pst]+n[3]+mi[Asrt]']]	[[('Nuqa', 'nuqa'), ('ta', 'ta'), ('pis', 'pis')], [('padrinu', 'padrinu')], [('qatswa', 'qatswa'), ('q', 'q')], [('inbita', 'inbita'), ('ma', 'maA'), ('rqa', 'rqa'), ('n', 'n'), ('mi', 'mi')]]
Tsaymi tsaypita qarqarayaamarqa.	Por eso me botaron de allí.	CRH-06-101	[['tsay[PRON]+mi[Asrt]'], ['tsay[PRON]+pita[Abl]'], ['qarqu[VTr]+rI[Pct]+yaA[Pl]+maA[1.Obj]+rqa[Pst]']]	[[('Tsay', 'tsay'), ('mi', 'mi')], [('tsay', 'tsay'), ('pita', 'pita')], [('qarqa', 'qarqu'), ('ra', 'rI'), ('yaa', 'yaA'), ('ma', 'maA'), ('rqa', 'rqa')]]
Tsaynam chaarirqaa Hotel Suiza Peruanaman.	Así llegué al Hotel Suiza Peruana.	CRH-06-148	[['tsayna[ADV]+mi[Asrt]'], ['chaa[VTr]+rI[Pct]+rqa[Pst]+ː[1]'], ['hotel[PROPN]'], ['suiza[PROPN]'], ['peruana[PROPN]+man[Dat]']]	[[('Tsayna', 'tsayna'), ('m', 'mi')], [('chaa', 'chaa'), ('ri', 'rI'), ('rqa', 'rqa'), ('a', 'ː')], [('Hotel', 'hotel')], [('Suiza', 'suiza')], [('Peruana', 'peruana'), ('man', 'man')]]
Tsaychawmi huk nuna kaykaanaq.	Había un hombre allí.	CRH-06-179	[['tsay[PRON]+chaw[Loc]+mi[Asrt]'], ['huk[DET]'], ['nuna[N]'], ['ka[AUX]+YkaA[Prog]+naq[Rpst]']]	[[('Tsay', 'tsay'), ('chaw', 'chaw'), ('mi', 'mi')], [('huk', 'huk')], [('nuna', 'nuna')], [('ka', 'ka'), ('ykaa', 'YkaA'), ('naq', 'naq')]]
Despwesnam shayaamurqaa i chaarayaamuu Karwasman las kwatruna.	Después vinimos y llegamos a Carhuaz a las cuatro.	CRH-06-196	[['despwes[ADV]+na[Acp]+mi[Asrt]'], ['shaa[VInt]+yaA[Pl]+mu[Cis]+rqa[Pst]+ː[1]'], ['i[CCONJ]'], ['chaa[VTr]+rI[Pct]+yaA[Pl]+mu[Cis]+ː[1]'], ['karwas[PROPN]+man[Dat]'], ['las[DET]'], ['kwatru[NUM.Card]+na[Acp]']]	[[('Despwes', 'despwes'), ('na', 'na'), ('m', 'mi')], [('sha', 'shaa'), ('sha', 'shaa'), ('sha', 'shaa'), ('sha', 'shaa'), ('sha', 'shaa')], [('i', 'i')], [('chaa', 'chaa'), ('ra', 'rI'), ('yaa', 'yaA'), ('mu', 'mu'), ('u', 'ː')], [('Karwas', 'karwas'), ('man', 'man')], [('las', 'las')], [('kwatru', 'kwatru'), ('na', 'na')]]
Paytanam qurqaa qillaynin arukaramunanpaq.	Le di dinero para cocinar.	CRH-06-215	[['pay[PRON.Prs]+ta[Obj]+na[Acp]+mi[Asrt]'], ['qu[VTr]+rqa[Pst]+ː[1]'], ['qillay[N]+n[Poss.3]'], ['aru[VTr]+kU[Refl/Mid]+rI[Pct]+mu[Cis]+na[Pot](N)+n[Poss.3]+paq[Ben]']]	[[('Pay', 'pay'), ('ta', 'ta'), ('na', 'na'), ('m', 'mi')], [('qu', 'qu'), ('rqa', 'rqa'), ('a', 'ː')], [('qillay', 'qillay'), ('ni', 0), ('n', 'n')], [('aru', 'aru'), ('ka', 'kU'), ('ra', 'rI'), ('mu', 'mu'), ('na', 'na'), ('n', 'n'), ('paq', 'paq')]]
Tsayta pasariyaptiinam awtuqa fallarna qallaykurqa.	Cuando pasamos Chacchán el carro empezó a fallar.	CRH-06-243	[['tsay[PRON.Dem]+ta[Obj]'], ['pasa[VInt]+rI[Pct]+yaA[Pl]+pti[Cnv](N)+ː[Poss.1Sg]+na[Acp]+mi[Asrt]'], ['awtu[N]+qa[Top]'], ['fallar[V]+na[Acp]'], ['qalla[VTr]+yku[Intens]+rqa[Pst][3]']]	[[('Tsay', 'tsay'), ('ta', 'ta')], [('pasa', 'pasa'), ('ri', 'rI'), ('ya', 'yaA'), ('pti', 'pti'), ('i', 'ː'), ('na', 'na'), ('m', 'mi')], [('awtu', 'awtu'), ('qa', 'qa')], [('fallar', 'fallar'), ('na', 'na')], [('qalla', 'qalla'), ('yku', 'yku'), ('rqa', 'rqa')]]
'Konfesakuyay' nishqaaqa piñakuyanmi.	Cuando les digo que deben confesarse se molestan.	CRH-06-298	[['konfesa[V]+kU[Refl/Mid]+yaA[Pl]+y[Imp.2]'], ['ni[VTr]+shqa[Prf](N)+ː[Poss.1Sg]+qa[Top]'], ['piñaku[VInt]+yaA[Pl]+n[3]+mi[Asrt]']]	[[('Konfesa', 'konfesa'), ('ku', 'kU'), ('ya', 'yaA'), ('y', 'y')], [('ni', 'ni'), ('shqa', 'shqa'), ('a', 'ː'), ('qa', 'qa')], [('piñaku', 'piñaku'), ('ya', 'yaA'), ('n', 'n'), ('mi', 'mi')]]
Despwes aywakamurqaa kareterata awtu shuyaq.	Después fui a la carretera a esperar un carro.	CRH-06-316	[['despwes[ADV]'], ['aywa[VTr]+kU[Refl/Mid]+mu[Cis]+rqa[Pst]+ː[1]'], ['karetera[N]+ta[Obj]'], ['awtu[N]'], ['shuya[VTr]+q[Agt]']]	[[('Despwes', 'despwes')], [('aywa', 'aywa'), ('ka', 'kU'), ('mu', 'mu'), ('rqa', 'rqa'), ('a', 'ː')], [('karetera', 'karetera'), ('ta', 'ta')], [('awtu', 'awtu')], [('shuya', 'shuya'), ('q', 'q')]]
Las onsiran chaamunqa Chimbotipita.	A las once todavía va a llegar desde Chimbote.	CRH-06-331	[['las[DET]'], ['onsi[NUM.Card]+ran[Inacp]'], ['chaa[VTr]+mu[Cis]+nqa[Fut.3]'], ['chimboti[PROPN]+pita[Abl]']]	[[('Las', 'las')], [('onsi', 'onsi'), ('ran', 'ran')], [('chaa', 'chaa'), ('mu', 'mu'), ('nqa', 'nqa')], [('Chimboti', 'chimboti'), ('pita', 'pita')]]
Tsayna topaq nunaqa ninaq, 'Manam.	Entonces el hombre que le había encontrado dijo, 'No.	CRH-06-368	[['tsayna[ADV]'], ['topa[VInt]+q[Agt]'], ['nuna[N]+qa[Top]'], ['ni[VTr]+naq[Rpst]'], ['mana[INTJ]+mi[Asrt]']]	[[('Tsayna', 'tsayna')], [('topa', 'topa'), ('q', 'q')], [('nuna', 'nuna'), ('qa', 'qa')], [('ni', 'ni'), ('naq', 'naq')], [('Mana', 'mana'), ('m', 'mi')]]
I felismente chaariyarqaa Ayhaman.	Y felizmente llegamos a Aija.	CRH-06-414	[['i[CCONJ]'], ['felismente[ADV]'], ['chaa[VTr]+rI[Pct]+yaA[Pl]+rqa[Pst]+ː[1]'], ['ayha[PROPN]+man[Dat]']]	[[('I', 'i')], [('felismente', 'felismente')], [('chaa', 'chaa'), ('ri', 'rI'), ('ya', 'yaA'), ('rqa', 'rqa'), ('a', 'ː')], [('Ayha', 'ayha'), ('man', 'man')]]
Tsaymi tsaychaw allibwenum fyesta sumaykun.	Allí se celebra la fiesta con mucha solemnidad.	CRH-06-485	[['tsay[PRON]+mi[Asrt]'], ['tsay[PRON]+chaw[Loc]'], ['allibwenu[ADV]+mi[Asrt]'], ['fyesta[N]'], ['sumayku[VTr]+n[3]']]	[[('Tsay', 'tsay'), ('mi', 'mi')], [('tsay', 'tsay'), ('chaw', 'chaw')], [('allibwenu', 'allibwenu'), ('m', 'mi')], [('fyesta', 'fyesta')], [('sumayku', 'sumayku'), ('n', 'n')]]
Tsaychaw andasman watayan.	Allí lo amarran al anda.	CRH-06-492	[['tsay[PRON]+chaw[Loc]'], ['andas[N]+man[Dat]'], ['wata[VTr]+yaA[Pl]+n[3]']]	[[('Tsay', 'tsay'), ('chaw', 'chaw')], [('andas', 'andas'), ('man', 'man')], [('wata', 'wata'), ('ya', 'yaA'), ('n', 'n')]]
Tsaynawparan tsaypita kutikamurqaa.	Así regresé de allí.	CRH-06-511	[['tsay[PRON]+naw[Equ]+pa[Man]+ran[Inacp]'], ['tsay[PRON]+pita[Abl]'], ['kuti[VInt]+kU[Refl/Mid]+mu[Cis]+rqa[Pst]+ː[1]']]	[[('Tsay', 'tsay'), ('naw', 'naw'), ('pa', 'pa'), ('ran', 'ran')], [('tsay', 'tsay'), ('pita', 'pita')], [('kuti', 'kuti'), ('ka', 'kU'), ('mu', 'mu'), ('rqa', 'rqa'), ('a', 'ː')]]
Allaapa eskasum karu.	Los carros son muy escasos.	CRH-06-512	[['allaapa[ADV]'], ['eskasu[ADJ]+mi[Asrt]'], ['karu[N]']]	[[('Allaapa', 'allaapa')], [('eskasu', 'eskasu'), ('m', 'mi')], [('karu', 'karu')]]
Tsaypitanam aywarqaa padre Jaramillo ashiq i tarikurqaa Rekwayllachaw.	Después fui a buscar al padre Jaramillo y lo encontré en Recuay no más.	CRH-06-527	[['tsay[PRON]+pita[Abl]+na[Acp]+mi[Asrt]'], ['aywa[VTr]+rqa[Pst]+ː[1]'], ['padre[N]'], ['jaramillo[PROPN]'], ['ashi[VTr]+q[Agt]'], ['i[CCONJ]'], ['tari[VTr]+yku[Intens]+rqa[Pst]+ː[1]'], ['rekway[PROPN]+llaA[Lim]+chaw[Loc]']]	[[('Tsay', 'tsay'), ('pita', 'pita'), ('na', 'na'), ('m', 'mi')], [('aywa', 'aywa'), ('rqa', 'rqa'), ('a', 'ː')], [('padre', 'padre')], [('Jaramillo', 'jaramillo')], [('ashi', 'ashi'), ('q', 'q')], [('i', 'i')], [('tari', 'tari'), ('ku', 'yku'), ('rqa', 'rqa'), ('a', 'ː')], [('Rekway', 'rekway'), ('lla', 'llaA'), ('chaw', 'chaw')]]
Tsaynam tsayllachaw aywakurqaa Konakochaman.	Entonces en su carro no más fui a Conococha.	CRH-06-550	[['tsayna[ADV]+mi[Asrt]'], ['tsay[PRON]+lla[Lim]+chaw[Loc]'], ['aywa[VTr]+kU[Refl/Mid]+rqa[Pst]+ː[1]'], ['konakocha[PROPN]+man[Dat]']]	[[('Tsayna', 'tsayna'), ('m', 'mi')], [('tsay', 'tsay'), ('lla', 'lla'), ('chaw', 'chaw')], [('aywa', 'aywa'), ('ku', 'kU'), ('rqa', 'rqa'), ('a', 'ː')], [('Konakocha', 'konakocha'), ('man', 'man')]]
Tsaymi Warasman chaayaamurqaa las sinku de la tardi.'	Entonces llegamos a Huaraz a las cinco de la tarde.	CRH-06-612	[['tsay[PRON]+mi[Asrt]'], ['waras[PROPN]+man[Dat]'], ['chaa[VTr]+yaA[Pl]+mu[Cis]+rqa[Pst]+ː[1]'], ['las[DET]'], ['sinku[NUM.Card]'], ['de[ADP]'], ['la[DET]'], ['tardi[N]']]	[[('Tsay', 'tsay'), ('mi', 'mi')], [('Waras', 'waras'), ('man', 'man')], [('cha', 'chaa'), ('cha', 'chaa'), ('cha', 'chaa'), ('cha', 'chaa'), ('cha', 'chaa')], [('las', 'las')], [('sinku', 'sinku')], [('de', 'de')], [('la', 'la')], [('tardi', 'tardi')]]
Tsaypitanam qayaramurqan padre Jorgita.	De allí llamó al padre Jorge.	CRH-07-020	[['tsay[PRON]+pita[Abl]+na[Acp]+mi[Asrt]'], ['qaya[VTr]+rI[Pct]+mu[Cis]+rqa[Pst]+n[3]'], ['padre[N]'], ['jorgi[PROPN]+ta[Obj]']]	[[('Tsay', 'tsay'), ('pita', 'pita'), ('na', 'na'), ('m', 'mi')], [('qaya', 'qaya'), ('ra', 'rI'), ('mu', 'mu'), ('rqa', 'rqa'), ('n', 'n')], [('padre', 'padre')], [('Jorgi', 'jorgi'), ('ta', 'ta')]]
Tsayta aywaraykarmi huk kurbachaw paseta qunakuyashqanta, nuqakuna aywayashqa qarimparirqaa, nuqa taarashqaa laduman.	Mientras íbamos allí, en una curva cuando dimos pase a otro carro, nosotros caímos a un lado, al lado donde yo estaba sentado.	CRH-07-089	[['tsay[PRON.Dem]+ta[Obj]'], ['aywa[VTr]+raA[Dur]+YkaA[Prog]+r[Cnv](N)+mi[Asrt]'], ['huk[DET]'], ['kurba[N]+chaw[Loc]'], ['pase[N]+ta[Obj]'], ['qu[VTr]+nakU[Recp]+yaA[Pl]+shqa[Prf](N)+n[Poss.3]+ta[Obj]'], ['nuqakuna[PRON.Prs]'], ['aywa[VTr]+yaA[Pl]+shqa[Prf](N)'], ['qarimpa[VInt]+rI[Pct]+rqa[Pst]+ː[1]'], ['nuqa[PRON.Prs]'], ['taa[VInt]+rI[Pct]+shqa[Prf](N)+ː[Poss.1Sg]'], ['ladu[N]+man[Dat]']]	[[('Tsay', 'tsay'), ('ta', 'ta')], [('aywa', 'aywa'), ('ra', 'raA'), ('yka', 'YkaA'), ('r', 'r'), ('mi', 'mi')], [('huk', 'huk')], [('kurba', 'kurba'), ('chaw', 'chaw')], [('pase', 'pase'), ('ta', 'ta')], [('qu', 'qu'), ('naku', 'nakU'), ('ya', 'yaA'), ('shqa', 'shqa'), ('n', 'n'), ('ta', 'ta')], [('nuqakuna', 'nuqakuna')], [('aywa', 'aywa'), ('ya', 'yaA'), ('shqa', 'shqa')], [('qarimpa', 'qarimpa'), ('ri', 'rI'), ('rqa', 'rqa'), ('a', 'ː')], [('nuqa', 'nuqa')], [('taa', 'taa'), ('ra', 'rI'), ('shqa', 'shqa'), ('a', 'ː')], [('ladu', 'ladu'), ('man', 'man')]]
Tsaynam diskulpakurqan, “Manam ni pi kichayaamarqatsu,” niyaptii.	Entonces él se disculpó cuando le dijimos que nadie nos abrió.	CRH-07-122	[['tsayna[ADV]+mi[Asrt]'], ['diskulpa[V]+ku[Refl/Mid]+rqa[Pst]+n[3]'], ['mana[ADV]+mi[Asrt]'], ['ni[CCONJ]'], ['pi[PRON]'], ['kicha[VTr]+yaA[Pl]+maA[1.Obj]+rqa[Pst][3]+tsu[Neg]'], ['ni[VTr]+yaA[Pl]+pti[Cnv](N)+ː[Poss.1Sg]']]	[[('Tsayna', 'tsayna'), ('m', 'mi')], [('diskulpa', 'diskulpa'), ('ku', 'ku'), ('rqa', 'rqa'), ('n', 'n')], [('Mana', 'mana'), ('m', 'mi')], [('ni', 'ni')], [('pi', 'pi')], [('kicha', 'kicha'), ('yaa', 'yaA'), ('ma', 'maA'), ('rqa', 'rqa'), ('tsu', 'tsu')], [('ni', 'ni'), ('ya', 'yaA'), ('pti', 'pti'), ('i', 'ː')]]
Huk restawrantillachawnam rogaypa quyaamarqan cafellatana.	En un restaurante después de muchas súplicas nos dieron café no más.	CRH-07-163	[['huk[DET]'], ['restawranti[N]+llaA[Lim]+chaw[Loc]+na[Acp]+mi[Asrt]'], ['roga[V]+y[Inf]+pa[Man]'], ['qu[VTr]+yaA[Pl]+maA[1.Obj]+rqa[Pst]+n[3]'], ['cafe[N]+llaA[Lim]+ta[Obj]+na[Acp]']]	[[('Huk', 'huk')], [('restawranti', 'restawranti'), ('lla', 'llaA'), ('chaw', 'chaw'), ('na', 'na'), ('m', 'mi')], [('roga', 'roga'), ('y', 'y'), ('pa', 'pa')], [('qu', 'qu'), ('yaa', 'yaA'), ('ma', 'maA'), ('rqa', 'rqa'), ('n', 'n')], [('cafe', 'cafe'), ('lla', 'llaA'), ('ta', 'ta'), ('na', 'na')]]
Mana maymanpis aywayta pwedirnam, otelllachawna kedakuyarqaa.	Sin poder ir a ninguna parte quedamos en el hotel.	CRH-07-165	[['mana[ADV]'], ['may[PRON]+man[Dat]+pis(Pron.Indef)'], ['aywa[VTr]+y[Inf]+ta[Obj]'], ['pwedi[VTr]+r[Cnv](N)+na[Acp]+mi[Asrt]'], ['otel[N]+lla[Lim]+chaw[Loc]+na[Acp]'], ['keda[V]+kU[Refl/Mid]+yaA[Pl]+rqa[Pst]+ː[1]']]	[[('Mana', 'mana')], [('may', 'may'), ('man', 'man')], [('aywa', 'aywa'), ('y', 'y'), ('ta', 'ta')], [('pwedi', 'pwedi'), ('r', 'r'), ('na', 'na'), ('m', 'mi')], [('otel', 'otel'), ('lla', 'lla'), ('chaw', 'chaw'), ('na', 'na')], [('keda', 'keda'), ('ku', 'kU'), ('ya', 'yaA'), ('rqa', 'rqa'), ('a', 'ː')]]
Chirapa tamyatam prosesyon tumaykurqan.	La procesión dio vuelta en una lluvia de garúa.	CRH-07-185	[['chirapa[N]'], ['tamya[N]+ta[Obj]+mi[Asrt]'], ['prosesyon[N]'], ['tuma[VTr]+yku[Intens]+rqa[Pst]+n[3]']]	[[('Chirapa', 'chirapa')], [('tamya', 'tamya'), ('ta', 'ta'), ('m', 'mi')], [('prosesyon', 'prosesyon')], [('tuma', 'tuma'), ('yku', 'yku'), ('rqa', 'rqa'), ('n', 'n')]]
Padre Luchu lunchita qarayaamarqan, i las seisnawnam, mana ni piwanpis riqinakur, niyarqaa padre Luchuta, “aywayaa posada ashiqchi manaraq ampiptin, i mana tarirninnachi, otelllachaw punuyaashaq.”	El padre Lucho nos ofreció lonche, y como a las seis, ya que no conocíamos a nadie, dijimos al padre Lucho, “Vamos a buscar alojamiento antes que oscurezca, y si no encontramos dormiremos en el hotel.”	CRH-07-217	[['padre[N]'], ['luchu[PROPN]'], ['lunchi[N]+ta[Obj]'], ['qara[VTr]+yaA[Pl]+maA[1.Obj]+rqa[Pst]+n[3]'], ['i[CCONJ]'], ['las[DET]'], ['seis[NUM.Card]+naw[Equ]+na[Acp]+mi[Asrt]'], ['mana[ADV]'], ['ni[CCONJ]'], ['pi[PRON]+wan[Com]+pis(Pron.Indef)'], ['riqi[VTr]+nakU[Recp]+r[Cnv](N)'], ['ni[VTr]+yaA[Pl]+rqa[Pst]+ː[1]'], ['padre[N]'], ['luchu[PROPN]+ta[Obj]'], ['aywa[VTr]+yaA[Pl]+ː[1]'], ['posada[N]'], ['ashi[VTr]+q[Agt]+chi[Conjc]'], ['mana[ADV]+raq[Inacp]'], ['ampi[VInt]+pti[Cnv](N)+n[Poss.3]'], ['i[CCONJ]'], ['mana[ADV]'], ['tari[VTr]+r[Cnv](N)+n[Poss.3]+na[Acp]+chi[Conjc]'], ['otel[N]+lla[Lim]+chaw[Loc]'], ['punu[VInt]+yaA[Pl]+shaq[Fut.1]']]	[[('Padre', 'padre')], [('Luchu', 'luchu')], [('lunchi', 'lunchi'), ('ta', 'ta')], [('qara', 'qara'), ('yaa', 'yaA'), ('ma', 'maA'), ('rqa', 'rqa'), ('n', 'n')], [('i', 'i')], [('las', 'las')], [('seis', 'seis'), ('naw', 'naw'), ('na', 'na'), ('m', 'mi')], [('mana', 'mana')], [('ni', 'ni')], [('pi', 'pi'), ('wan', 'wan')], [('riqi', 'riqi'), ('naku', 'nakU'), ('r', 'r')], [('ni', 'ni'), ('ya', 'yaA'), ('rqa', 'rqa'), ('a', 'ː')], [('padre', 'padre')], [('Luchu', 'luchu'), ('ta', 'ta')], [('aywa', 'aywa'), ('ya', 'yaA'), ('a', 'ː')], [('posada', 'posada')], [('ashi', 'ashi'), ('q', 'q'), ('chi', 'chi')], [('mana', 'mana'), ('raq', 'raq')], [('ampi', 'ampi'), ('pti', 'pti'), ('n', 'n')], [('i', 'i')], [('mana', 'mana')], [('tari', 'tari'), ('r', 'r'), ('ni', 0), ('n', 'n'), ('na', 'na'), ('chi', 'chi')], [('otel', 'otel'), ('lla', 'lla'), ('chaw', 'chaw')], [('punu', 'punu'), ('yaa', 'yaA'), ('shaq', 'shaq')]]
Tsaynam niyaa, “Kayaa katekistam.”	Entonces dijimos, “Somos catequistas.”	CRH-07-257	[['tsayna[ADV]+mi[Asrt]'], ['ni[VTr]+yaA[Pl]+ː[1]'], ['ka[AUX]+yaA[Pl]+ː[1]'], ['katekista[N]+mi[Asrt]']]	[[('Tsayna', 'tsayna'), ('m', 'mi')], [('ni', 'ni'), ('ya', 'yaA'), ('a', 'ː')], [('Ka', 'ka'), ('ya', 'yaA'), ('a', 'ː')], [('katekista', 'katekista'), ('m', 'mi')]]
Wanuku kontrolllachawmi llapan awtu montaña aywaq taakuykaayaq.	Todos los carros que iban a la selva quedaron amontonados en el control de Huánuco no más.	CRH-07-305	[['wanuku[PROPN]'], ['kontrol[N]+lla[Lim]+chaw[Loc]+mi[Asrt]'], ['llapan[ADJ]'], ['awtu[N]'], ['montaña[N]'], ['aywa[VTr]+q[Agt]'], ['taa[VInt]+kU[Refl/Mid]+YkaA[Prog]+yaA[Pl]+q[Agt]']]	[[('Wanuku', 'wanuku')], [('kontrol', 'kontrol'), ('lla', 'lla'), ('chaw', 'chaw'), ('mi', 'mi')], [('llapan', 'llapan')], [('awtu', 'awtu')], [('montaña', 'montaña')], [('aywa', 'aywa'), ('q', 'q')], [('taa', 'taa'), ('ku', 'kU'), ('ykaa', 'YkaA'), ('ya', 'yaA'), ('q', 'q')]]
Tsayqa posada ashiyaanaqa.	Y buscamos alojamiento.	CRH-07-339	[['tsay[PRON.Dem]+qa[Topic]'], ['posada[N]'], ['ashi[VTr]+yaA[Pl]+ː[1]+na[Acp]+qa[Top]']]	[[('Tsay', 'tsay'), ('qa', 'qa')], [('posada', 'posada')], [('ashi', 'ashi'), ('ya', 'yaA'), ('a', 'ː'), ('na', 'na'), ('qa', 'qa')]]
Bandankunanam tokayan shumaq waynuta 'Ayrampita' nishqanta.	Su banda tocó el huayno bonito llamado 'Ayrampita'.	CRH-07-349	[['banda[N]+n[Poss.3]+kuna[Pl]+na[Acp]+mi[Asrt]'], ['toka[V]+yaA[Pl]+n[3]'], ['shumaq[ADJ]'], ['waynu[N]+ta[Obj]'], ['ayrampita[PROPN]'], ['ni[VTr]+shqa[Prf](N)+n[Poss.3]+ta[Obj]']]	[[('Banda', 'banda'), ('n', 'n'), ('kuna', 'kuna'), ('na', 'na'), ('m', 'mi')], [('toka', 'toka'), ('ya', 'yaA'), ('n', 'n')], [('shumaq', 'shumaq')], [('waynu', 'waynu'), ('ta', 'ta')], [('Ayrampita', 'ayrampita')], [('ni', 'ni'), ('shqa', 'shqa'), ('n', 'n'), ('ta', 'ta')]]
Waraanin lunisnam aywayarqaa Wanuku frentin Pawkarbambata.	El día siguiente, lunes, fuimos a Paucarbamba, frente a Huánuco.	CRH-07-363	[['waraanin[ADV]'], ['lunis[N]+na[Acp]+mi[Asrt]'], ['aywa[VTr]+yaA[Pl]+rqa[Pst]+ː[1]'], ['wanuku[PROPN]'], ['frenti[N]+n[Poss.3]'], ['pawkarbamba[PROPN]+ta[Obj]']]	[[('Waraanin', 'waraanin')], [('lunis', 'lunis'), ('na', 'na'), ('m', 'mi')], [('aywa', 'aywa'), ('ya', 'yaA'), ('rqa', 'rqa'), ('a', 'ː')], [('Wanuku', 'wanuku')], [('frenti', 'frenti'), ('n', 'n')], [('Pawkarbamba', 'pawkarbamba'), ('ta', 'ta')]]
Tsaychawmi tariyarqaa huk nunata, hatun shukshu puntanman osin watashqa.	Allí encontramos a un hombre que tenía un palo largo con hoz amarrada a su punte.	CRH-07-366	[['tsay[PRON]+chaw[Loc]+mi[Asrt]'], ['tari[VTr]+yaA[Pl]+rqa[Pst]+ː[1]'], ['huk[DET]'], ['nuna[N]+ta[Obj]'], ['hatun[ADJ]'], ['shukshu[N]'], ['punta[N]+n[Poss.3]+man[Dat]'], ['osi[N]+n[Poss.3]'], ['wata[VTr]+shqa[Prf](N)']]	[[('Tsay', 'tsay'), ('chaw', 'chaw'), ('mi', 'mi')], [('tari', 'tari'), ('ya', 'yaA'), ('rqa', 'rqa'), ('a', 'ː')], [('huk', 'huk')], [('nuna', 'nuna'), ('ta', 'ta')], [('hatun', 'hatun')], [('shukshu', 'shukshu')], [('punta', 'punta'), ('n', 'n'), ('man', 'man')], [('osi', 'osi'), ('n', 'n')], [('wata', 'wata'), ('shqa', 'shqa')]]
I tsaynawpa qarqarayaamunaq tsay mormonkunata.	Y así botaron a esos mormones.	CRH-07-428	[['i[CCONJ]'], ['tsay[PRON]+naw[Equ]+pa[Man]'], ['qarqu[VTr]+rI[Pct]+yaA[Pl]+mu[Cis]+naq[Rpst]'], ['tsay[DET]'], ['mormon[N]+kuna[Pl]+ta[Obj]']]	[[('I', 'i')], [('tsay', 'tsay'), ('naw', 'naw'), ('pa', 'pa')], [('qarqa', 'qarqu'), ('ra', 'rI'), ('yaa', 'yaA'), ('mu', 'mu'), ('naq', 'naq')], [('tsay', 'tsay')], [('mormon', 'mormon'), ('kuna', 'kuna'), ('ta', 'ta')]]
I riwarayaamuu limpu tardina.	Pero cuando nos despertamos era muy tarde.	CRH-07-476	[['i[CCONJ]'], ['riwa[VInt]+rI[Pct]+yaA[Pl]+mu[Cis]+ː[1]'], ['limpu[ADV]'], ['tardi[N]+na[Acp]']]	[[('I', 'i')], [('riwa', 'riwa'), ('ra', 'rI'), ('yaa', 'yaA'), ('mu', 'mu'), ('u', 'ː')], [('limpu', 'limpu')], [('tardi', 'tardi'), ('na', 'na')]]
I tullpankuna kima rumi churashqa patsallachaw.	Y sus fogones son tres piedras puestas en la tierra.	CRH-08-035	[['i[CCONJ]'], ['tullpa[N]+n[Poss.3]+kuna[Pl]'], ['kima[NUM.Card]'], ['rumi[N]'], ['chura[VTr]+shqa[Prf](N)'], ['patsa[N]+lla[Lim]+chaw[Loc]']]	[[('I', 'i')], [('tullpa', 'tullpa'), ('n', 'n'), ('kuna', 'kuna')], [('kima', 'kima')], [('rumi', 'rumi')], [('chura', 'chura'), ('shqa', 'shqa')], [('patsa', 'patsa'), ('lla', 'lla'), ('chaw', 'chaw')]]
Tsaymi watachaw fyestakuna.	Esas son las fiestas durante el año.	CRH-08-068	[['tsay[PRON]+mi[Asrt]'], ['wata[N]+chaw[Loc]'], ['fyesta[N]+kuna[Pl]']]	[[('Tsay', 'tsay'), ('mi', 'mi')], [('wata', 'wata'), ('chaw', 'chaw')], [('fyesta', 'fyesta'), ('kuna', 'kuna')]]
Atska hutipitam akrayarqaa 'Purísimo Corazón de María'.	De muchos nombres escogimos 'Purísimo Corazón de María'.	CRH-09-022	[['atska[ADJ]'], ['huti[N]+pita[Abl]+mi[Asrt]'], ['akra[VTr]+yaA[Pl]+rqa[Pst]+ː[1]'], ['purísimo[PROPN]'], ['corazón[PROPN]'], ['de[ADP]'], ['maría[PROPN]']]	[[('Atska', 'atska')], [('huti', 'huti'), ('pita', 'pita'), ('m', 'mi')], [('akra', 'akra'), ('ya', 'yaA'), ('rqa', 'rqa'), ('a', 'ː')], [('Purísimo', 'purísimo')], [('Corazón', 'corazón')], [('de', 'de')], [('María', 'maría')]]
Lehyonaryu yaykuqkunapis yarqurna qallaykuyarqan, puntata Fabián Reyes, Honoratu Velásquez i Cefirinu Tahua, warminkunata mantsar, porki warminkuna ninaq, “Tsay protestantikunawan huntarirqa, ama warmilla nimaytsu.”	Los que habían entrado como legionarios comenzaron a salir, primero Fabián Reyes, Honorato Velásquez y Cefirino Tahua, por miedo a sus esposas, porque sus esposas dijeron, “Si te juntas con esos protestantes, no me llames tu esposa.”	CRH-09-035	[['lehyonaryu[N]'], ['yayku[VTr]+q[Agt]+kuna[Pl]+pis[Coord]'], ['yarqu[VTr]+r[Cnv](N)+na[Acp]'], ['qalla[VTr]+yku[Intens]+yaA[Pl]+rqa[Pst]+n[3]'], ['punta[N]+ta[Obj]'], ['fabián[PROPN]'], ['reyes[PROPN]'], ['honoratu[PROPN]'], ['velásquez[PROPN]'], ['i[CCONJ]'], ['cefirinu[PROPN]'], ['tahua[PROPN]'], ['warmi[N]+n[Poss.3]+kuna[Pl]+ta[Obj]'], ['mantsa[VTr]+r[Cnv](N)'], ['porki[SCONJ]'], ['warmi[N]+n[Poss.3]+kuna[Pl]'], ['ni[VTr]+naq[Rpst]'], ['tsay[DET]'], ['protestanti[N]+kuna[Pl]+wan[Com]'], ['hunta[VTr]+rI[Pct]+r[Cnv](N)+qa[Top]'], ['ama[ADV]'], ['warmi[N]+lla[Lim]'], ['ni[VTr]+maA[1.Obj]+y[Imp.2]+tsu[Neg]']]	[[('Lehyonaryu', 'lehyonaryu')], [('yayku', 'yayku'), ('q', 'q'), ('kuna', 'kuna'), ('pis', 'pis')], [('yarqu', 'yarqu'), ('r', 'r'), ('na', 'na')], [('qalla', 'qalla'), ('yku', 'yku'), ('ya', 'yaA'), ('rqa', 'rqa'), ('n', 'n')], [('punta', 'punta'), ('ta', 'ta')], [('Fabián', 'fabián')], [('Reyes', 'reyes')], [('Honoratu', 'honoratu')], [('Velásquez', 'velásquez')], [('i', 'i')], [('Cefirinu', 'cefirinu')], [('Tahua', 'tahua')], [('warmi', 'warmi'), ('n', 'n'), ('kuna', 'kuna'), ('ta', 'ta')], [('mantsa', 'mantsa'), ('r', 'r')], [('porki', 'porki')], [('warmi', 'warmi'), ('n', 'n'), ('kuna', 'kuna')], [('ni', 'ni'), ('naq', 'naq')], [('Tsay', 'tsay')], [('protestanti', 'protestanti'), ('kuna', 'kuna'), ('wan', 'wan')], [('hunta', 'hunta'), ('ri', 'rI'), ('r', 'r'), ('qa', 'qa')], [('ama', 'ama')], [('warmi', 'warmi'), ('lla', 'lla')], [('ni', 'ni'), ('ma', 'maA'), ('y', 'y'), ('tsu', 'tsu')]]
Hina misaqa kada killam.	Seguía celebrándose la misa cada mes.	CRH-09-067	[['hina[ADV]'], ['misa[N]+qa[Top]'], ['kada[DET]'], ['killa[N]+mi[Asrt]']]	[[('Hina', 'hina')], [('misa', 'misa'), ('qa', 'qa')], [('kada', 'kada')], [('killa', 'killa'), ('m', 'mi')]]
Tsaychawmi Chikneychaw willakuraykaptiimi huk chakwasta willarir, pasarirqaa hukman.	Allí en Chicney mientras estaba pasando la voz, invité a una viejecita y después pasé a otra casa.	CRH-09-069	[['tsay[PRON]+chaw[Loc]+mi[Asrt]'], ['chikney[PROPN]+chaw[Loc]'], ['willa[VTr]+kU[Refl/Mid]+rI[Pct]+YkaA[Prog]+pti[Cnv](N)+ː[Poss.1Sg]+mi[Asrt]'], ['huk[DET]'], ['chakwas[N]+ta[Obj]'], ['willa[VTr]+rI[Pct]+r[Cnv](N)'], ['pasa[VInt]+rI[Pct]+rqa[Pst]+ː[1]'], ['huk[PRON]+man[Dat]']]	[[('Tsay', 'tsay'), ('chaw', 'chaw'), ('mi', 'mi')], [('Chikney', 'chikney'), ('chaw', 'chaw')], [('willa', 'willa'), ('ku', 'kU'), ('ra', 'rI'), ('yka', 'YkaA'), ('pti', 'pti'), ('i', 'ː'), ('mi', 'mi')], [('huk', 'huk')], [('chakwas', 'chakwas'), ('ta', 'ta')], [('willa', 'willa'), ('ri', 'rI'), ('r', 'r')], [('pasa', 'pasa'), ('ri', 'rI'), ('rqa', 'rqa'), ('a', 'ː')], [('huk', 'huk'), ('man', 'man')]]
Tsaynash Luisqa riwikushpanalla nawinta kutarinaq hayllana ardaypa.	Entonces Luis jaló, libró su mano y se dio un puñete en el ojo de propósito.	CRH-10-055	[['tsayna[ADV]+shi[Nfh]'], ['luis[PROPN]+qa[Top]'], ['riwi[VTr]+ku[Refl/Mid]+shpa[Grd]+na[Acp]+lla[Lim]'], ['nawi[N]+n[Poss.3]+ta[Obj]'], ['kuta[V]+rI[Pct]+naq[Rpst]'], ['hay[PRON]+lla[Lim]+na[Acp]'], ['arday[ADV]+pa[Man]']]	[[('Tsayna', 'tsayna'), ('sh', 'shi')], [('Luis', 'luis'), ('qa', 'qa')], [('riwi', 'riwi'), ('ku', 'ku'), ('shpa', 'shpa'), ('na', 'na'), ('lla', 'lla')], [('nawi', 'nawi'), ('n', 'n'), ('ta', 'ta')], [('kuta', 'kuta'), ('ri', 'rI'), ('naq', 'naq')], [('hay', 'hay'), ('lla', 'lla'), ('na', 'na')], [('arday', 'arday'), ('pa', 'pa')]]
Semanatam yarqamurqan kachakaarir ospitalpita.	Después de una semana salió del hospital casi sano.	CRH-10-070	[['semana[N]+ta[Obj]+mi[Asrt]'], ['yarqu[VTr]+mu[Cis]+rqa[Pst]+n[3]'], ['kachakaa[VInt]+rI[Pct]+r[Cnv](N)'], ['ospital[N]+pita[Abl]']]	[[('Semana', 'semana'), ('ta', 'ta'), ('m', 'mi')], [('yarqa', 'yarqu'), ('mu', 'mu'), ('rqa', 'rqa'), ('n', 'n')], [('kachakaa', 'kachakaa'), ('ri', 'rI'), ('r', 'r')], [('ospital', 'ospital'), ('pita', 'pita')]]
Kikinllapaqqa kusa shumaq.	Para ella la comida era muy rica.	CRH-107-064	[['kiki[PRON.Refl]+n[Poss.3]+llaA[Lim]+paq[Ben]+qa[Top]'], ['kusa[ADV]'], ['shumaq[ADJ]']]	[[('Kiki', 'kiki'), ('n', 'n'), ('lla', 'llaA'), ('paq', 'paq'), ('qa', 'qa')], [('kusa', 'kusa')], [('shumaq', 'shumaq')]]
Tsaynaw niptin, pobri warmiqa ni imanaw kayta musyanaqnatsu, “Imanawnataq arushaq“, nir.	Cuando decía eso, la pobre mujer no sabía qué hacer y decía, “¿Cómo voy a cocinar.”	CRH-107-067	[['tsay[PRON]+naw[Equ]'], ['ni[VTr]+pti[Cnv](N)+n[Poss.3]'], ['pobri[ADJ]'], ['warmi[N]+qa[Top]'], ['ni[CCONJ]'], ['imanaw[ADV]'], ['ka[AUX]+y[Inf]+ta[Obj]'], ['musya[VTr]+naq[Rpst]+na[Acp]+tsu[Neg]'], ['ima[PRON]+naw[Equ]+na[Acp]+taq[Ctrs](Pron.Interr)'], ['aru[VTr]+shaq[Fut.1]'], ['ni[VTr]+r[Cnv](N)']]	[[('Tsay', 'tsay'), ('naw', 'naw')], [('ni', 'ni'), ('pti', 'pti'), ('n', 'n')], [('pobri', 'pobri')], [('warmi', 'warmi'), ('qa', 'qa')], [('ni', 'ni')], [('imanaw', 'imanaw')], [('ka', 'ka'), ('y', 'y'), ('ta', 'ta')], [('musya', 'musya'), ('naq', 'naq'), ('na', 'na'), ('tsu', 'tsu')], [('Ima', 'ima'), ('naw', 'naw'), ('na', 'na'), ('taq', 'taq')], [('aru', 'aru'), ('shaq', 'shaq')], [('ni', 'ni'), ('r', 'r')]]
Nishpana, tallerninpita chaariptin, qararirqunaq temblaykar.	Cuando él llegó de su taller, se le sirvió temblando.	CRH-107-077	[['ni[VTr]+shpa[Grd]+na[Acp]'], ['taller[N]+n[Poss.3]+pita[Abl]'], ['chaa[VTr]+rI[Pct]+pti[Cnv](N)+n[Poss.3]'], ['qara[VTr]+rI[Pct]+rqu[RecPst][3]+naq[Rpst]'], ['tembla[VInt]+YkaA[Prog]+r[Cnv](N)']]	[[('Ni', 'ni'), ('shpa', 'shpa'), ('na', 'na')], [('taller', 'taller'), ('ni', 0), ('n', 'n'), ('pita', 'pita')], [('chaa', 'chaa'), ('ri', 'rI'), ('pti', 'pti'), ('n', 'n')], [('qara', 'qara'), ('ri', 'rI'), ('rqu', 'rqu'), ('naq', 'naq')], [('tembla', 'tembla'), ('yka', 'YkaA'), ('r', 'r')]]
Tsaymi tsay dyablu ashiq shamuykaa dokumentuta kutitsimaananpaq.	Por eso vengo buscando ese diablo para que me devuelva el documento.”	CRH-108-077	[['tsay[PRON]+mi[Asrt]'], ['tsay[DET]'], ['dyablu[N]'], ['ashi[VTr]+q[Agt]'], ['shamu[VTr]+YkaA[Prog]+ː[1]'], ['dokumentu[N]+ta[Obj]'], ['kuti[VInt]+tsi[Fact]+maA[1.Obj]+na[Pot](N)+n[Poss.3]+paq[Ben]']]	[[('Tsay', 'tsay'), ('mi', 'mi')], [('tsay', 'tsay')], [('dyablu', 'dyablu')], [('ashi', 'ashi'), ('q', 'q')], [('shamu', 'shamu'), ('yka', 'YkaA'), ('a', 'ː')], [('dokumentu', 'dokumentu'), ('ta', 'ta')], [('kuti', 'kuti'), ('tsi', 'tsi'), ('maa', 'maA'), ('na', 'na'), ('n', 'n'), ('paq', 'paq')]]
Tsayta nikuptin warmiiqa ayqipa aywakamurqun, mana nuqatapis willamashniipa.	Cuando dijo eso, mi esposa vino corriendo, sin decirme nada.	CRH-17-120	[['tsay[PRON.Dem]+ta[Obj]'], ['ni[VTr]+yku[Intens]+pti[Cnv](N)+n[Poss.3]'], ['warmi[N]+ː[Poss.1Sg]+qa[Top]'], ['ayqi[VInt]+y[Inf]+pa[Man](ADV)'], ['aywa[VTr]+kU[Refl/Mid]+mu[Cis]+rqu[RecPst]+n[3]'], ['mana[ADV]'], ['nuqa[PRON.Prs]+ta[Obj]+pis[Coord]'], ['willa[VTr]+maA[1.Obj]+sh[Grd]+ː[Poss.1Sg]+pa[Man]']]	[[[('Tsay', 'tsay'), ('ta', 'ta')], [('ni', 'ni'), ('ku', 'yku'), ('pti', 'pti'), ('n', 'n')], [('warmi', 'warmi'), ('i', 'ː'), ('qa', 'qa')], [('ayqi', 'ayqi'), ('pa', 'pa')], [('aywa', 'aywa'), ('ka', 'kU'), ('mu', 'mu'), ('rqu', 'rqu'), ('n', 'n')], [('mana', 'mana')], [('nuqa', 'nuqa'), ('ta', 'ta'), ('pis', 'pis')], [('willa', 'willa'), ('ma', 'maA'), ('sh', 'sh'), ('ni', 0), ('i', 'ː'), ('pa', 'pa')]]]
Peru puwaq watachaw limpunam alliyarqan, segidu konfesakuyaptii.	Pero en los ocho años se mejoró bastante, ya que nos confesamos frecuentemente.	CRH-17-139	[['peru[CCONJ]'], ['puwaq[NUM.Card]'], ['wata[N]+chaw[Loc]'], ['limpu[ADV]+na[Acp]+mi[Asrt]'], ['alli[ADJ]+yaA[Transf](VInt)+rqa[Pst]+n[3]'], ['segidu[ADV]'], ['konfesa[V]+kU[Refl/Mid]+yaA[Pl]+pti[Cnv](N)+ː[Poss.1Sg]']]	[[('Peru', 'peru')], [('puwaq', 'puwaq')], [('wata', 'wata'), ('chaw', 'chaw')], [('limpu', 'limpu'), ('na', 'na'), ('m', 'mi')], [('alli', 'alli'), ('ya', 'yaA'), ('rqa', 'rqa'), ('n', 'n')], [('segidu', 'segidu')], [('konfesa', 'konfesa'), ('ku', 'kU'), ('ya', 'yaA'), ('pti', 'pti'), ('i', 'ː')]]
Despwesnam chakrata alistantsik unaypita saachikur.	Después, alistamos la chacra con abono de animales durante mucho tiempo.	CRH-19-004	[['despwes[ADV]+na[Acp]+mi[Asrt]'], ['chakra[N]+ta[Obj]'], ['alista[VTr]+ntsik[2Pl.Inc]'], ['unay[N]+pita[Abl]'], ['saachi[VTr]+yku[Intens]+r[Cnv](N)']]	[[('Despwes', 'despwes'), ('na', 'na'), ('m', 'mi')], [('chakra', 'chakra'), ('ta', 'ta')], [('alista', 'alista'), ('ntsik', 'ntsik')], [('unay', 'unay'), ('pita', 'pita')], [('saachi', 'saachi'), ('ku', 'yku'), ('r', 'r')]]
I tsaynam alli byentu karqa shumaq akraramun huk laduman pahata i huk laduman limpyu triguta.	Cuando hay buen viento, éste separa muy bien la paja a un lado y el trigo limpio a otro lado.	CRH-21-027	[['i[CCONJ]'], ['tsayna[ADV]+mi[Asrt]'], ['alli[ADJ]'], ['byentu[N]'], ['ka[AUX]+r[Cnv](N)+qa[Top]'], ['shumaq[ADJ]'], ['akra[VTr]+rI[Pct]+mu[Cis]+n[3]'], ['huk[DET]'], ['ladu[N]+man[Dat]'], ['paha[N]+ta[Obj]'], ['i[CCONJ]'], ['huk[DET]'], ['ladu[N]+man[Dat]'], ['limpyu[ADJ]'], ['trigu[N]+ta[Obj]']]	[[('I', 'i')], [('tsayna', 'tsayna'), ('m', 'mi')], [('alli', 'alli')], [('byentu', 'byentu')], [('ka', 'ka'), ('r', 'r'), ('qa', 'qa')], [('shumaq', 'shumaq')], [('akra', 'akra'), ('ra', 'rI'), ('mu', 'mu'), ('n', 'n')], [('huk', 'huk')], [('ladu', 'ladu'), ('man', 'man')], [('paha', 'paha'), ('ta', 'ta')], [('i', 'i')], [('huk', 'huk')], [('ladu', 'ladu'), ('man', 'man')], [('limpyu', 'limpyu')], [('trigu', 'trigu'), ('ta', 'ta')]]
I tantata ruranapaqnam, puntata triguta paqantsik atska yakuchaw.	Para hacer pan, primero lavamos el trigo en bastante agua.	CRH-21-031	[['i[CCONJ]'], ['tanta[N]+ta[Obj]'], ['rura[VTr]+na[Pot](N)+paq[Ben]+na[Acp]+mi[Asrt]'], ['punta[N]+ta[Obj]'], ['trigu[N]+ta[Obj]'], ['paqa[VTr]+ntsik[2Pl.Inc]'], ['atska[ADV]'], ['yaku[N]+chaw[Loc]']]	[[('I', 'i')], [('tanta', 'tanta'), ('ta', 'ta')], [('rura', 'rura'), ('na', 'na'), ('paq', 'paq'), ('na', 'na'), ('m', 'mi')], [('punta', 'punta'), ('ta', 'ta')], [('trigu', 'trigu'), ('ta', 'ta')], [('paqa', 'paqa'), ('ntsik', 'ntsik')], [('atska', 'atska')], [('yaku', 'yaku'), ('chaw', 'chaw')]]
I despwesnam yapay kutipantsik uryar hatusaqtana.	Después otra vez volvemos a cultivarlo cuando ya es grande.	CRH-22-010	[['i[CCONJ]'], ['despwes[ADV]+na[Acp]+mi[Asrt]'], ['yapay[ADV]'], ['kuti[VInt]+pa[Apl]+ntsik[2Pl.Inc]'], ['urya[VTr]+r[Cnv](N)'], ['hatusaq[ADJ]+ta[Obj](ADV)+na[Acp]']]	[[('I', 'i')], [('despwes', 'despwes'), ('na', 'na'), ('m', 'mi')], [('yapay', 'yapay')], [('kuti', 'kuti'), ('pa', 'pa'), ('ntsik', 'ntsik')], [('urya', 'urya'), ('r', 'r')], [('hatusaq', 'hatusaq'), ('ta', 'ta'), ('na', 'na')]]
Tsaytaman warmikuna putskayan tramata shumaq parehulla.	A ésa las mujeres hilan la trama, bien parejo.	CRH-23-006	[['tsay[PRON]+ta[Obj]+man[Dat]'], ['warmi[N]+kuna[Pl]'], ['putska[VTr]+yaA[Pl]+n[3]'], ['trama[N]+ta[Obj]'], ['shumaq[ADV]'], ['parehu[ADJ]+llaA[Lim]']]	[[('Tsay', 'tsay'), ('ta', 'ta'), ('man', 'man')], [('warmi', 'warmi'), ('kuna', 'kuna')], [('putska', 'putska'), ('ya', 'yaA'), ('n', 'n')], [('trama', 'trama'), ('ta', 'ta')], [('shumaq', 'shumaq')], [('parehu', 'parehu'), ('ll', 'llaA')]]
Tiñirikurnam, tsakitsintsik hiluta kururanapaq.	Después de teñir, secamos el hilo para enrollar.	CRH-23-015	[['tiñi[V]+ri[Pct]+yku[Intens]+r[Cnv](N)+na[Acp]+mi[Asrt]'], ['tsaki[VInt]+tsi[Fact]+ntsik[2Pl.Inc]'], ['hilu[N]+ta[Obj]'], ['kurura[VInt]+na[Pot](N)+paq[Ben]']]	[[('Tiñi', 'tiñi'), ('ri', 'ri'), ('ku', 'yku'), ('r', 'r'), ('na', 'na'), ('m', 'mi')], [('tsaki', 'tsaki'), ('tsi', 'tsi'), ('ntsik', 'ntsik')], [('hilu', 'hilu'), ('ta', 'ta')], [('kurura', 'kurura'), ('na', 'na'), ('paq', 'paq')]]
Paynam telarchaw awamun lisuswan, tsaktar.	El la teje en telar con lizo, golpeando.	CRH-23-018	[['pay[PRON.Prs]+na[Acp]+mi[Asrt]'], ['telar[N]+chaw[Loc]'], ['awa[VTr]+mu[Cis]+n[3]'], ['lisus[N]+wan[Com]'], ['tsakta[VTr]+r[Cnv](N)']]	[[('Pay', 'pay'), ('na', 'na'), ('m', 'mi')], [('telar', 'telar'), ('chaw', 'chaw')], [('awa', 'awa'), ('mu', 'mu'), ('n', 'n')], [('lisus', 'lisus'), ('wan', 'wan')], [('tsakta', 'tsakta'), ('r', 'r')]]
Tsaynawmi almwersu usharin diya quya.	Así termina el almuerzo en la mañana del día de la fiesta.	CRH-29-082	[['tsaynaw[ADV]+mi[Asrt]'], ['almwersu[N]'], ['usha[VTr]+rI[Pct]+n[3]'], ['diya[N]'], ['quya[N]']]	[[('Tsaynaw', 'tsaynaw'), ('mi', 'mi')], [('almwersu', 'almwersu')], [('usha', 'usha'), ('ri', 'rI'), ('n', 'n')], [('diya', 'diya')], [('quya', 'quya')]]
Puntata apan kankata, aytsa kankashqata.	Primero lleva asado, carne asada.	CRH-29-104	[['punta[N]+ta[Obj]'], ['apa[VTr]+n[3]'], ['kanka[N]+ta[Obj]'], ['aytsa[N]'], ['kanka[VTr]+shqa[Prf](N)+ta[Obj]']]	[[('Punta', 'punta'), ('ta', 'ta')], [('apa', 'apa'), ('n', 'n')], [('kanka', 'kanka'), ('ta', 'ta')], [('aytsa', 'aytsa')], [('kanka', 'kanka'), ('shqa', 'shqa'), ('ta', 'ta')]]
Tsay nunakuna asiytsu bullayan, “Allaapa fwertim,” nishpa, i unaymi duraykatsiyan tsay washkuta.	Esa gente seriamente hacen bulla diciendo, “Es muy fuerte,” y hacen durar mucho tiempo ese alcohol.	CRH-29-128	[['tsay[DET]'], ['nuna[N]+kuna[Pl]'], ['asi[VInt]+y[Inf]+tsu[Neg]'], ['bulla[VInt]+yaA[Pl]+n[3]'], ['allaapa[ADV]'], ['fwerti[ADJ]+mi[Asrt]'], ['ni[VTr]+shpa[Grd]'], ['i[CCONJ]'], ['unay[N]+mi[Asrt]'], ['dura[VInt]+yku[Intens]+tsi[Fact]+yaA[Pl]+n[3]'], ['tsay[DET]'], ['washku[N]+ta[Obj]']]	[[('Tsay', 'tsay')], [('nuna', 'nuna'), ('kuna', 'kuna')], [('asi', 'asi'), ('y', 'y'), ('tsu', 'tsu')], [('bulla', 'bulla'), ('ya', 'yaA'), ('n', 'n')], [('Allaapa', 'allaapa')], [('fwerti', 'fwerti'), ('m', 'mi')], [('ni', 'ni'), ('shpa', 'shpa')], [('i', 'i')], [('unay', 'unay'), ('mi', 'mi')], [('dura', 'dura'), ('yka', 'yku'), ('tsi', 'tsi'), ('ya', 'yaA'), ('n', 'n')], [('tsay', 'tsay')], [('washku', 'washku'), ('ta', 'ta')]]
Nuqapis pokullaqa riqiiran tsay awkista.	Yo también conocía un poco a ese viejo.	CRH-30-026	[['nuqa[PRON.Prs]+pis[Coord]'], ['poku[ADV]+lla[Lim]+qa[Top]'], ['riqi[VTr]+ː[1]+ran[Inacp]'], ['tsay[DET]'], ['awkis[N]+ta[Obj]']]	[[('Nuqa', 'nuqa'), ('pis', 'pis')], [('poku', 'poku'), ('lla', 'lla'), ('qa', 'qa')], [('riqi', 'riqi'), ('i', 'ː'), ('ran', 'ran')], [('tsay', 'tsay')], [('awkis', 'awkis'), ('ta', 'ta')]]
I despwesshi hatusaq waskakunapa hina quchapita yakuta winarayaamuq.	Después con sogas largas también llenaban las botellas con agua del centro de la laguna.	CRH-30-046	[['i[CCONJ]'], ['despwes[ADV]+shi[Nfh]'], ['hatusaq[ADJ]'], ['waska[N]+kuna[Pl]+pa[Man]'], ['hina[ADV]'], ['qucha[N]+pita[Abl]'], ['yaku[N]+ta[Obj]'], ['wina[VInt]+rI[Pct]+yaA[Pl]+mu[Cis]+q[Hab]']]	[[('I', 'i')], [('despwes', 'despwes'), ('shi', 'shi')], [('hatusaq', 'hatusaq')], [('waska', 'waska'), ('kuna', 'kuna'), ('pa', 'pa')], [('hina', 'hina')], [('qucha', 'qucha'), ('pita', 'pita')], [('yaku', 'yaku'), ('ta', 'ta')], [('wina', 'wina'), ('ra', 'rI'), ('yaa', 'yaA'), ('mu', 'mu'), ('q', 'q')]]
Kananqa parqun ishkay killa.	Ahora riega por dos meses.	CRH-30-083	[['kanan[ADV]+qa[Top]'], ['parqu[VTr]+n[3]'], ['ishkay[NUM.Card]'], ['killa[N]']]	[[('Kanan', 'kanan'), ('qa', 'qa')], [('parqu', 'parqu'), ('n', 'n')], [('ishkay', 'ishkay')], [('killa', 'killa')]]
Kasamyentu ushariptin, padrinu apan wayinman nobyukunata i llapan basallukunata chaaratsir, qaran desayunuta.	Después del matrimonio, el padrino lleva los novios a su casa y cuando ha traído todo el cortejo les da desayuno.	CRH-31-004	[['kasamyentu[N]'], ['usha[VTr]+rI[Pct]+pti[Cnv](N)+n[Poss.3]'], ['padrinu[N]'], ['apa[VTr]+n[3]'], ['wayi[N]+n[Poss.3]+man[Dat]'], ['nobyu[N]+kuna[Pl]+ta[Obj]'], ['i[CCONJ]'], ['llapan[ADJ]'], ['basallu[N]+kuna[Pl]+ta[Obj]'], ['chaa[VTr]+rI[Pct]+tsi[Fact]+r[Cnv](N)'], ['qara[VTr]+n[3]'], ['desayunu[N]+ta[Obj]']]	[[('Kasamyentu', 'kasamyentu')], [('usha', 'usha'), ('ri', 'rI'), ('pti', 'pti'), ('n', 'n')], [('padrinu', 'padrinu')], [('apa', 'apa'), ('n', 'n')], [('wayi', 'wayi'), ('n', 'n'), ('man', 'man')], [('nobyu', 'nobyu'), ('kuna', 'kuna'), ('ta', 'ta')], [('i', 'i')], [('llapan', 'llapan')], [('basallu', 'basallu'), ('kuna', 'kuna'), ('ta', 'ta')], [('chaa', 'chaa'), ('ra', 'rI'), ('tsi', 'tsi'), ('r', 'r')], [('qara', 'qara'), ('n', 'n')], [('desayunu', 'desayunu'), ('ta', 'ta')]]
Hukman aywayaq hina tsaynawlla.	Fueron todavía a otro, con el mismo resultado.	CRH-32-085	[['huk[NUM.Card]+man[Dat]'], ['aywa[VTr]+yaA[Pl]+q[Hab]'], ['hina[ADV]'], ['tsay[PRON]+naw[Equ]+llaA[Lim]']]	[[('Huk', 'huk'), ('man', 'man')], [('aywa', 'aywa'), ('ya', 'yaA'), ('q', 'q')], [('hina', 'hina')], [('tsay', 'tsay'), ('naw', 'naw'), ('ll', 'llaA')]]
I belaqa upiriq.	La vela se apagó.	CRH-33-012	[['i[CCONJ]'], ['bela[N]+qa[Top]'], ['upi[VInt]+rI[Pct]+q[Hab]']]	[[('I', 'i')], [('bela', 'bela'), ('qa', 'qa')], [('upi', 'upi'), ('ri', 'rI'), ('q', 'q')]]
Tsaynawmi kay Chontachawpis warmikuna rurayan wawankuna o quwankuna maytapis aywaptin o rekluta apayashqa kayaptin.	Así hacen las mujeres aquí en Chontayoc también cuando sus hijos o sus esposos van a algún sitio o cuando lo llevan de recluta al ejército.	CRH-33-031	[['tsay[PRON]+naw[Equ]+mi[Asrt]'], ['kay[DET]'], ['chonta[PROPN]+chaw[Loc]+pis[Coord]'], ['warmi[N]+kuna[Pl]'], ['rura[VTr]+yaA[Pl]+n[3]'], ['wawa[N]+n[Poss.3]+kuna[Pl]'], ['o[CCONJ]'], ['quwa[N]+n[Poss.3]+kuna[Pl]'], ['may[PRON]+ta[Obj]+pis(Pron.Indef)'], ['aywa[VTr]+pti[Cnv](N)+n[Poss.3]'], ['o[CCONJ]'], ['rekluta[N]'], ['apa[VTr]+yaA[Pl]+shqa[Prf](N)'], ['ka[AUX]+yaA[Pl]+pti[Cnv](N)+n[Poss.3]']]	[[('Tsay', 'tsay'), ('naw', 'naw'), ('mi', 'mi')], [('kay', 'kay')], [('Chonta', 'chonta'), ('chaw', 'chaw'), ('pis', 'pis')], [('warmi', 'warmi'), ('kuna', 'kuna')], [('rura', 'rura'), ('ya', 'yaA'), ('n', 'n')], [('wawa', 'wawa'), ('n', 'n'), ('kuna', 'kuna')], [('o', 'o')], [('quwa', 'quwa'), ('n', 'n'), ('kuna', 'kuna')], [('may', 'may'), ('ta', 'ta')], [('aywa', 'aywa'), ('pti', 'pti'), ('n', 'n')], [('o', 'o')], [('rekluta', 'rekluta')], [('apa', 'apa'), ('ya', 'yaA'), ('shqa', 'shqa')], [('ka', 'ka'), ('ya', 'yaA'), ('pti', 'pti'), ('n', 'n')]]
Tsaynash huk kaq almaqa nin, “Kompadri, aku nuqapa wayiitaraq.	Entonces la primera alma dijo, “Compadre, vamos a mi casa todavía.	CRH-34-017	[['tsayna[ADV]+shi[Nfh]'], ['huk[NUM.Card]'], ['kaq[COP]'], ['alma[N]+qa[Top]'], ['ni[VTr]+n[3]'], ['kompadri[N]'], ['aku[INTJ]'], ['nuqa[PRON.Prs]+pa[Gen]'], ['wayi[N]+ː[Poss.1Sg]+ta[Obj]+raq[Inacp]']]	[[('Tsayna', 'tsayna'), ('sh', 'shi')], [('huk', 'huk')], [('kaq', 'kaq')], [('alma', 'alma'), ('qa', 'qa')], [('ni', 'ni'), ('n', 'n')], [('Kompadri', 'kompadri')], [('aku', 'aku')], [('nuqa', 'nuqa'), ('pa', 'pa')], [('wayi', 'wayi'), ('i', 'ː'), ('ta', 'ta'), ('raq', 'raq')]]
Tayta kurana ninaq, “Manam allitsu tsay ura punkuykita kicharqunki.	El sacerdote contestó, “No es bueno que hayas abierto tu puerta a esa hora.”	CRH-74-022	[['tayta[N]'], ['kura[N]+na[Acp]'], ['ni[VTr]+naq[Rpst]'], ['mana[ADV]+mi[Asrt]'], ['alli[ADV]+tsu[Neg]'], ['tsay[DET]', 'tsay[PRON]'], ['ura[N]'], ['punku[N]+yki[Poss.2]+ta[Obj]'], ['kicha[VTr]+rqu[RecPst]+nki[2]']]	[[('Tayta', 'tayta')], [('kura', 'kura'), ('na', 'na')], [('ni', 'ni'), ('naq', 'naq')], [('Mana', 'mana'), ('m', 'mi')], [('alli', 'alli'), ('tsu', 'tsu')], [('tsay', 'tsay')], [('ura', 'ura')], [('punku', 'punku'), ('yki', 'yki'), ('ta', 'ta')], [('kicha', 'kicha'), ('rqu', 'rqu'), ('nki', 'nki')]]
Nishqannawlla nunaqa shuyarqunaq tsay kapillachaw.	Como dijo, el hombre esperó en esa capilla.	CRH-79-016	[['ni[VTr]+shqa[Prf](N)+n[Poss.3]+naw[Equ]+lla[Lim]'], ['nuna[N]+qa[Top]'], ['shuya[VTr]+rqu[RecPst][3]+naq[Rpst]'], ['tsay[DET]'], ['kapilla[N]+chaw[Loc]']]	[[('Ni', 'ni'), ('shqa', 'shqa'), ('n', 'n'), ('naw', 'naw'), ('lla', 'lla')], [('nuna', 'nuna'), ('qa', 'qa')], [('shuya', 'shuya'), ('rqu', 'rqu'), ('naq', 'naq')], [('tsay', 'tsay')], [('kapilla', 'kapilla'), ('chaw', 'chaw')]]
Ichik ratullatana nirqunaq, “Kutikushaqnachi.	Después de un rato dijo, “Creo que ya voy a regresar.	CRH-79-053	[['ichik[ADJ]'], ['ratu[N]+lla[Lim]+ta[Obj]+na[Acp]'], ['ni[VTr]+rqu[RecPst][3]+naq[Rpst]'], ['kuti[VInt]+kU[Refl/Mid]+shaq[Fut.1]+na[Acp]+chi[Conjc]']]	[[('Ichik', 'ichik')], [('ratu', 'ratu'), ('lla', 'lla'), ('ta', 'ta'), ('na', 'na')], [('ni', 'ni'), ('rqu', 'rqu'), ('naq', 'naq')], [('Kuti', 'kuti'), ('ku', 'kU'), ('shaq', 'shaq'), ('na', 'na'), ('chi', 'chi')]]
Tsaynash Enriqueqa willarin, “Imanawtaq kay asuntuta remedyaykushaq? Limpunam kañaa perdirin.	Entonces Enrique le dijo, “¿Cómo voy a solucionar este asunto? Mi caña se pierde por completo.	CRH-95-006	[['tsayna[ADV]+shi[Nfh]'], ['enrique[PROPN]+qa[Top]'], ['willa[VTr]+rI[Pct]+n[3]'], ['imanaw[ADV]+taq[Ctrs]'], ['kay[DET]'], ['asuntu[N]+ta[Obj]'], ['remedya[VTr]+yku[Intens]+shaq[Fut.1]'], ['limpu[ADV]+na[Acp]+mi[Asrt]'], ['kaña[N]+ː[Poss.1Sg]'], ['perdi[V]+rI[Pct]+n[3]']]	[[('Tsayna', 'tsayna'), ('sh', 'shi')], [('Enrique', 'enrique'), ('qa', 'qa')], [('willa', 'willa'), ('ri', 'rI'), ('n', 'n')], [('Imanaw', 'imanaw'), ('taq', 'taq')], [('kay', 'kay')], [('asuntu', 'asuntu'), ('ta', 'ta')], [('remedya', 'remedya'), ('yku', 'yku'), ('shaq', 'shaq')], [('Limpu', 'limpu'), ('na', 'na'), ('m', 'mi')], [('kaña', 'kaña'), ('a', 'ː')], [('perdi', 'perdi'), ('ri', 'rI'), ('n', 'n')]]
Tsay diya hunaq gringuwan almorsakurishun.”	Ese día vamos a almorzar con el gringo.”	CRH-95-020	[['tsay[DET]'], ['diya[N]'], ['hunaq[N]'], ['gringu[N]+wan[Com]'], ['almorsa[VInt]+kU[Refl/Mid]+rI[Pct]+shun[Imp.1Pl.Inc]']]	[[('Tsay', 'tsay')], [('diya', 'diya')], [('hunaq', 'hunaq')], [('gringu', 'gringu'), ('wan', 'wan')], [('almorsa', 'almorsa'), ('ku', 'kU'), ('ri', 'rI'), ('shun', 'shun')]]
Prontu entregamay apakunaapaq.	Entréguemela rápido para que me la lleve.	CRH-95-087	[['prontu[ADV]'], ['entrega[V]+maA[1.Obj]+y[Imp.2]'], ['apa[VTr]+kU[Refl/Mid]+na[Pot](N)+ː[Poss.1Sg]+paq[Ben]']]	[[('Prontu', 'prontu')], [('entrega', 'entrega'), ('ma', 'maA'), ('y', 'y')], [('apa', 'apa'), ('ku', 'kU'), ('na', 'na'), ('a', 'ː'), ('paq', 'paq')]]
Syempri watukaraykayaamanki.	De vez en cuando nos han de visitar.	CRH-95-095	[['syempri[ADV]'], ['watuka[VTr]+rI[Pct]+yku[Intens]+yaA[Pl]+maA[1.Obj]+nki[2]']]	[[('Syempri', 'syempri')], [('watuka', 'watuka'), ('ra', 'rI'), ('yka', 'yku'), ('yaa', 'yaA'), ('ma', 'maA'), ('nki', 'nki')]]
Kananqa manam ni imata wiyayta munaatsu.	Ahora ya no quiero oír nada más.	CRH-95-117	[['kanan[ADV]+qa[Top]'], ['mana[ADV]+mi[Asrt]'], ['ni[CCONJ]'], ['ima[PRON]+ta[Obj]'], ['wiya[VTr]+y[Inf]+ta[Obj]'], ['muna[VTr]+ː[1]+tsu[Neg]']]	[[('Kanan', 'kanan'), ('qa', 'qa')], [('mana', 'mana'), ('m', 'mi')], [('ni', 'ni')], [('ima', 'ima'), ('ta', 'ta')], [('wiya', 'wiya'), ('y', 'y'), ('ta', 'ta')], [('muna', 'muna'), ('a', 'ː'), ('tsu', 'tsu')]]
Punkuta kichariptin, quwan yaykurinaq.	Cuando abrió la puerta, su esposo entró.	CRH-96-014	[['punku[N]+ta[Obj]'], ['kicha[VTr]+rI[Pct]+pti[Cnv](N)+n[Poss.3]'], ['quwa[N]+n[Poss.3]'], ['yayku[VTr]+rI[Pct]+naq[Rpst]']]	[[('Punku', 'punku'), ('ta', 'ta')], [('kicha', 'kicha'), ('ri', 'rI'), ('pti', 'pti'), ('n', 'n')], [('quwa', 'quwa'), ('n', 'n')], [('yayku', 'yayku'), ('ri', 'rI'), ('naq', 'naq')]]
Kanannam warmipa quwan nirqunaq posadakuq nunata, “Tsay qara rantikaykamuy.	Ahora el esposo de la mujer dijo al huésped, “Véndeme ese cuero.	CRH-96-030	[['kanan[ADV]+na[Acp]+mi[Asrt]'], ['warmi[N]+pa[Gen]'], ['quwa[N]+n[Poss.3]'], ['ni[VTr]+rqu[RecPst][3]+naq[Rpst]'], ['posada[VTr]+kU[Refl/Mid]+q[Agt]'], ['nuna[N]+ta[Obj]'], ['tsay[DET]'], ['qara[N]'], ['rantikU[VTr]+yku[Intens]+mu[Cis]+y[Imp.2]']]	[[('Kanan', 'kanan'), ('na', 'na'), ('m', 'mi')], [('warmi', 'warmi'), ('pa', 'pa')], [('quwa', 'quwa'), ('n', 'n')], [('ni', 'ni'), ('rqu', 'rqu'), ('naq', 'naq')], [('posada', 'posada'), ('ku', 'kU'), ('q', 'q')], [('nuna', 'nuna'), ('ta', 'ta')], [('Tsay', 'tsay')], [('qara', 'qara')], [('rantika', 'rantikU'), ('yka', 'yku'), ('mu', 'mu'), ('y', 'y')]]
Tsayna kostal hitaraykaqmanqa huk awkisna mitsikuykanqanta chaarir haytarinaq, “Imaraq kay kostalchaw.” nishpa.	Entonces un viejo pastor llegó donde el costal estaba botado y lo pateó diciendo, “¿Qué habrá en este costal.”	CRH-96-066	[['tsayna[ADV]'], ['kostal[N]'], ['hita[VTr]+raA[Dur]+YkaA[Prog]+q[Agt]+man[Dat]+qa[Top]'], ['huk[DET]'], ['awkis[N]+na[Acp]'], ['mitsi[VTr]+kU[Refl/Mid]+YkaA[Prog]+nqa[Sub](N)+n[Poss.3]+ta[Obj]'], ['chaa[VTr]+rI[Pct]+r[Cnv](N)'], ['hayta[VTr]+rI[Pct]+naq[Rpst]'], ['ima[PRON]+raq[Inacp]'], ['kay[DET]'], ['kostal[N]+chaw[Loc]'], ['ni[VTr]+shpa[Grd]']]	[[('Tsayna', 'tsayna')], [('kostal', 'kostal')], [('hita', 'hita'), ('ra', 'raA'), ('yka', 'YkaA'), ('q', 'q'), ('man', 'man'), ('qa', 'qa')], [('huk', 'huk')], [('awkis', 'awkis'), ('na', 'na')], [('mitsi', 'mitsi'), ('ku', 'kU'), ('yka', 'YkaA'), ('nqa', 'nqa'), ('n', 'n'), ('ta', 'ta')], [('chaa', 'chaa'), ('ri', 'rI'), ('r', 'r')], [('hayta', 'hayta'), ('ri', 'rI'), ('naq', 'naq')], [('Ima', 'ima'), ('raq', 'raq')], [('kay', 'kay')], [('kostal', 'kostal'), ('chaw', 'chaw')], [('ni', 'ni'), ('shpa', 'shpa')]]
Tsayna kreyintsu, “Imanapam pay ushpanqa.” nir.	Pero no lo creó y dijo, “¿Cómo lo va a comer él.”	CRH-97-096	[['tsayna[ADV]'], ['kreyi[VTr]+n[3]+tsu[Neg]'], ['imana[PRON]+pa[Man](ADV)+mi[Asrt]'], ['pay[PRON.Prs]'], ['ushpa[VTr]+nqa[Fut.3]'], ['ni[VTr]+r[Cnv](N)']]	[[('Tsayna', 'tsayna')], [('kreyi', 'kreyi'), ('n', 'n'), ('tsu', 'tsu')], [('Imana', 'imana'), ('pa', 'pa'), ('m', 'mi')], [('pay', 'pay')], [('ushpa', 'ushpa'), ('nqa', 'nqa')], [('ni', 'ni'), ('r', 'r')]]
“Apuray,” ninaq reyqa.	Apúrate,” dijo el rey.	CRH-97-106	[['apura[V]+y[Imp.2]'], ['ni[VTr]+naq[Rpst]'], ['rey[N]+qa[Top]']]	[[('Apura', 'apura'), ('y', 'y')], [('ni', 'ni'), ('naq', 'naq')], [('rey', 'rey'), ('qa', 'qa')]]
Tsay niptinna patronqa alistapurqunaq allibwenu masisuta.	Entonces el patrón le alistó herramientas muy sólidas.	CRH-98-020	[['tsay[DET]'], ['ni[VTr]+pti[Cnv](N)+n[Poss.3]+na[Acp]'], ['patron[N]+qa[Top]'], ['alista[VTr]+pu[Apl]+rqu[RecPst][3]+naq[Rpst]'], ['allibwenu[ADV]'], ['masisu[N]+ta[Obj]']]	[[('Tsay', 'tsay')], [('ni', 'ni'), ('pti', 'pti'), ('n', 'n'), ('na', 'na')], [('patron', 'patron'), ('qa', 'qa')], [('alista', 'alista'), ('pu', 'pu'), ('rqu', 'rqu'), ('naq', 'naq')], [('allibwenu', 'allibwenu')], [('masisu', 'masisu'), ('ta', 'ta')]]
Yapayna nirqunaq, “Ayway montita.	Otra vez le dijo, “Vete al monte.	CRH-98-037	[['yapay[ADV]+na[Acp]'], ['ni[VTr]+rqu[RecPst][3]+naq[Rpst]'], ['aywa[VTr]+y[Imp.2]'], ['monti[N]+ta[Obj]']]	[[('Yapay', 'yapay'), ('na', 'na')], [('ni', 'ni'), ('rqu', 'rqu'), ('naq', 'naq')], [('Aywa', 'aywa'), ('y', 'y')], [('monti', 'monti'), ('ta', 'ta')]]
Tsayna patronqa willarqunaq kaynawmi: “Unayna huk dyabluwan kontratuta ruraykuyarqaa, allaapa waktsa karnin, imaykapis qillayniipis qumananpaq.	Entonces el patrón le dijo, “Hace tiempo cuando era muy pobre, yo hice contrato con un diablo para que me diera mucho dinero.	CRH-98-073	[['tsayna[ADV]'], ['patron[N]+qa[Top]'], ['willa[VTr]+rqu[RecPst][3]+naq[Rpst]'], ['kaynaw[ADV]+mi[Asrt]'], ['unay[N]+na[Acp]'], ['huk[DET]'], ['dyablu[N]+wan[Com]'], ['kontratu[N]+ta[Obj]'], ['rura[VTr]+yku[Intens]+yaA[Pl]+rqa[Pst]+ː[1]'], ['allaapa[ADV]'], ['waktsa[ADJ]'], ['ka[AUX]+r[Cnv](N)+n[Poss.3]'], ['imayka[PRON]+pis(Pron.Indef)'], ['qillay[N]+ː[Poss.1Sg]+pis[Coord]'], ['qu[VTr]+maA[1.Obj]+na[Pot](N)+n[Poss.3]+paq[Ben]']]	[[('Tsayna', 'tsayna')], [('patron', 'patron'), ('qa', 'qa')], [('willa', 'willa'), ('rqu', 'rqu'), ('naq', 'naq')], [('kaynaw', 'kaynaw'), ('mi', 'mi')], [('Unay', 'unay'), ('na', 'na')], [('huk', 'huk')], [('dyablu', 'dyablu'), ('wan', 'wan')], [('kontratu', 'kontratu'), ('ta', 'ta')], [('rura', 'rura'), ('yku', 'yku'), ('ya', 'yaA'), ('rqa', 'rqa'), ('a', 'ː')], [('allaapa', 'allaapa')], [('waktsa', 'waktsa')], [('ka', 'ka'), ('r', 'r'), ('ni', 0), ('n', 'n')], [('imayka', 'imayka')], [('qillay', 'qillay'), ('ni', 0), ('i', 'ː'), ('pis', 'pis')], [('qu', 'qu'), ('ma', 'maA'), ('na', 'na'), ('n', 'n'), ('paq', 'paq')]]
Tsaymi kada hunaq mas abansamun.	Cada día se acerca más.	CRH-98-082	[['tsay[PRON]+mi[Asrt]'], ['kada[DET]'], ['hunaq[N]'], ['mas[ADV]'], ['abansa[V]+mu[Cis]+n[3]']]	[[('Tsay', 'tsay'), ('mi', 'mi')], [('kada', 'kada')], [('hunaq', 'hunaq')], [('mas', 'mas')], [('abansa', 'abansa'), ('mu', 'mu'), ('n', 'n')]]
Punuy ni mikuy tsarimantsu.	No me da ganas ni de dormir ni de comer.	CRH-98-084	[['punu[VInt]+y[Inf]'], ['ni[CCONJ]'], ['miku[VTr]+y[Inf]'], ['tsari[VTr]+maA[1.Obj]+n[3]+tsu[Neg]']]	[[('Punu', 'punu'), ('y', 'y')], [('ni', 'ni')], [('miku', 'miku'), ('y', 'y')], [('tsari', 'tsari'), ('ma', 'maA'), ('n', 'n'), ('tsu', 'tsu')]]
Ni tsaypis tinkurqunaqtsu pachak kilumanqa.	Ni eso alcanzó para los cien kilos.	CRH-98-115	[['ni[CCONJ]'], ['tsay[PRON]+pis[Coord]'], ['tinku[VInt]+rqu[RecPst][3]+naq[Rpst]+tsu[Neg]'], ['pachak[NUM.Card]'], ['kilu[N]+man[Dat]+qa[Top]']]	[[('Ni', 'ni')], [('tsay', 'tsay'), ('pis', 'pis')], [('tinku', 'tinku'), ('rqu', 'rqu'), ('naq', 'naq'), ('tsu', 'tsu')], [('pachak', 'pachak')], [('kilu', 'kilu'), ('man', 'man'), ('qa', 'qa')]]
Hina unay qayakurqunaq.	Siguió llamando largo rato.	CRH-98-130	[['hina[ADV]'], ['unay[N]'], ['qaya[VTr]+kU[Refl/Mid]+rqu[RecPst][3]+naq[Rpst]']]	[[('Hina', 'hina')], [('unay', 'unay')], [('qaya', 'qaya'), ('ku', 'kU'), ('rqu', 'rqu'), ('naq', 'naq')]]
Nunakunam uryaykaayan chakrachaw	Los hombres están trabajando en la chacra	DIC-MINEDU-2005-021	[['nuna[N]+kuna[Pl]+mi[Asrt]'], ['urya[VTr]+YkaA[Prog]+yaA[Pl]+n[3]'], ['chakra[N]+chaw[Loc]']]	[[('Nuna', 'nuna'), ('kuna', 'kuna'), ('m', 'mi')], [('urya', 'urya'), ('ykaa', 'YkaA'), ('ya', 'yaA'), ('n', 'n')], [('chakra', 'chakra'), ('chaw', 'chaw')]]
Wamra punukuykaq awilunta chawaaratsishqa	El niño le interrumpió el sueño a su abuelo	DIC-MINEDU-2005-037	[['wamra[N]'], ['punu[VInt]+kU[Refl/Mid]+YkaA[Prog]+q[Agt]'], ['awilu[N]+n[Poss.3]+ta[Obj]'], ['chawaaratsi[VTr]+shqa[Prf](N)']]	[[('Wamra', 'wamra')], [('punu', 'punu'), ('ku', 'kU'), ('yka', 'YkaA'), ('q', 'q')], [('awilu', 'awilu'), ('n', 'n'), ('ta', 'ta')], [('chawaaratsi', 'chawaaratsi'), ('shqa', 'shqa')]]
Ichik allqum kaniman	El perro pequeño me muerde	DIC-MINEDU-2005-129	[['ichik[ADJ]'], ['allqu[N]+mi[Asrt]'], ['kani[VTr]+maA[1.Obj]+n[3]']]	[[('Ichik', 'ichik')], [('allqu', 'allqu'), ('m', 'mi')], [('kani', 'kani'), ('ma', 'maA'), ('n', 'n')]]
Yachay wayichawmi wamrakunata yachatsikuq kikintsaykan	En la escuela el profesor identifica a los alumnos	DIC-MINEDU-2005-187	[['yachay[N]'], ['wayi[N]+chaw[Loc]+mi[Asrt]'], ['wamra[N]+kuna[Pl]+ta[Obj]'], ['yachatsikuq[N]'], ['kiki[PRON.Refl]+n[Poss.3]+tsaA[Transl]+YkaA[Prog]+n[3]']]	[[('Yachay', 'yachay')], [('wayi', 'wayi'), ('chaw', 'chaw'), ('mi', 'mi')], [('wamra', 'wamra'), ('kuna', 'kuna'), ('ta', 'ta')], [('yachatsikuq', 'yachatsikuq')], [('kiki', 'kiki'), ('n', 'n'), ('tsa', 'tsaA'), ('yka', 'YkaA'), ('n', 'n')]]
Wamrakuna pukllayan makinkunawan.	Los niños juegan con las manos.	DIC-MINEDU-2005-279	[['wamra[N]+kuna[Pl]'], ['puklla[VTr]+yaA[Pl]+n[3]'], ['maki[N]+n[Poss.3]+kuna[Pl]+wan[Com]']]	[[('Wamra', 'wamra'), ('kuna', 'kuna')], [('puklla', 'puklla'), ('ya', 'yaA'), ('n', 'n')], [('maki', 'maki'), ('n', 'n'), ('kuna', 'kuna'), ('wan', 'wan')]]
Awaqmi minita ruraykan punchuta awananpaq.	El tejedor está preparando la trama para tejer el poncho.	DIC-MINEDU-2005-306	[['awa[VTr]+q[Agt]+mi[Asrt]'], ['mini[N]+ta[Obj]'], ['rura[VTr]+YkaA[Prog]+n[3]'], ['punchu[N]+ta[Obj]'], ['awa[VTr]+na[Pot](N)+n[Poss.3]+paq[Ben]']]	[[('Awa', 'awa'), ('q', 'q'), ('mi', 'mi')], [('mini', 'mini'), ('ta', 'ta')], [('rura', 'rura'), ('yka', 'YkaA'), ('n', 'n')], [('punchu', 'punchu'), ('ta', 'ta')], [('awa', 'awa'), ('na', 'na'), ('n', 'n'), ('paq', 'paq')]]
Taqay warmim shumaq mukmutsin putskakuyninta.	Aquella mujer tuerce la lana muy bien.	DIC-MINEDU-2005-320	[['taqay[DET]'], ['warmi[N]+mi[Asrt]'], ['shumaq[ADJ]'], ['mukmu[VInt]+tsi[Fact]+n[3]'], ['putska[VTr]+kU[Refl/Mid]+y[Inf]+n[Poss.3]+ta[Obj]']]	[[('Taqay', 'taqay')], [('warmi', 'warmi'), ('m', 'mi')], [('shumaq', 'shumaq')], [('mukmu', 'mukmu'), ('tsi', 'tsi'), ('n', 'n')], [('putska', 'putska'), ('ku', 'kU'), ('y', 'y'), ('ni', 0), ('n', 'n'), ('ta', 'ta')]]
Nuqam triiguta aqaatsii mulinuchaw.	Yo hago moler el trigo en el molino.	DIC-MINEDU-2005-321	[['nuqa[PRON.Prs]+mi[Asrt]'], ['triigu[N]+ta[Obj]'], ['aqaa[VTr]+tsi[Fact]+ː[1]'], ['mulinu[N]+chaw[Loc]']]	[[('Nuqa', 'nuqa'), ('m', 'mi')], [('triigu', 'triigu'), ('ta', 'ta')], [('aqaa', 'aqaa'), ('tsi', 'tsi'), ('i', 'ː')], [('mulinu', 'mulinu'), ('chaw', 'chaw')]]
Pikim kuchita uyuyaatsin	El pique enflaquece al chancho.	DIC-MINEDU-2005-402	[['piki[N]+mi[Asrt]'], ['kuchi[N]+ta[Obj]'], ['uyu[ADJ]+yaA[Transf](VInt)+tsi[Fact]+n[3]']]	[[('Piki', 'piki'), ('m', 'mi')], [('kuchi', 'kuchi'), ('ta', 'ta')], [('uyu', 'uyu'), ('yaa', 'yaA'), ('tsi', 'tsi'), ('n', 'n')]]
Warmi wamrakunam aqtsanta piltakuyan	Las niñas se hacen trenzas	DIC-MINEDU-2005-405	[['warmi[N]'], ['wamra[N]+kuna[Pl]+mi[Asrt]'], ['aqtsa[N]+n[Poss.3]+ta[Obj]'], ['pilta[VTr]+kU[Refl/Mid]+yaA[Pl]+n[3]']]	[[('Warmi', 'warmi')], [('wamra', 'wamra'), ('kuna', 'kuna'), ('m', 'mi')], [('aqtsa', 'aqtsa'), ('n', 'n'), ('ta', 'ta')], [('pilta', 'pilta'), ('ku', 'kU'), ('ya', 'yaA'), ('n', 'n')]]
Waynakunaqa pinkullu tukaytam yachakuykaayan	Los jóvenes están aprendiendo a tocar la flauta	DIC-MINEDU-2005-406	[['wayna[N]+kuna[Pl]+qa[Top]'], ['pinkullu[N]'], ['tuka[VTr]+y[Inf]+ta[Obj]+mi[Asrt]'], ['yacha[VTr]+kU[Refl/Mid]+YkaA[Prog]+yaA[Pl]+n[3]']]	[[('Wayna', 'wayna'), ('kuna', 'kuna'), ('qa', 'qa')], [('pinkullu', 'pinkullu')], [('tuka', 'tuka'), ('y', 'y'), ('ta', 'ta'), ('m', 'mi')], [('yacha', 'yacha'), ('ku', 'kU'), ('ykaa', 'YkaA'), ('ya', 'yaA'), ('n', 'n')]]
Awilum kuchita qashpan	El abuelo está quemando el chancho para pelarlo	DIC-MINEDU-2005-483	[['awilu[N]+mi[Asrt]'], ['kuchi[N]+ta[Obj]'], ['qashpa[VTr]+n[3]']]	[[('Awilu', 'awilu'), ('m', 'mi')], [('kuchi', 'kuchi'), ('ta', 'ta')], [('qashpa', 'qashpa'), ('n', 'n')]]
Mitsiqmi uushakunata qatiykan	El pastor está arreando las ovejas.	DIC-MINEDU-2005-487	[['mitsiq[N]+mi[Asrt]'], ['uusha[N]+kuna[Pl]+ta[Obj]'], ['qati[VTr]+YkaA[Prog]+n[3]']]	[[('Mitsiq', 'mitsiq'), ('mi', 'mi')], [('uusha', 'uusha'), ('kuna', 'kuna'), ('ta', 'ta')], [('qati', 'qati'), ('yka', 'YkaA'), ('n', 'n')]]
Peruwnintsikpa qiraranchawmi wikuña kan	El escudo de nuestra patria tiene una vicuña.	DIC-MINEDU-2005-510	[['peruw[PROPN]+ntsik[Poss.1Pl.Inc]+pa[Gen]'], ['qirara[N]+n[Poss.3]+chaw[Loc]+mi[Asrt]'], ['wikuña[N]'], ['ka[AUX]+n[3]']]	[[('Peruw', 'peruw'), ('ni', 0), ('ntsik', 'ntsik'), ('pa', 'pa')], [('qirara', 'qirara'), ('n', 'n'), ('chaw', 'chaw'), ('mi', 'mi')], [('wikuña', 'wikuña')], [('ka', 'ka'), ('n', 'n')]]
Mamaa llullunpa piqanta awin quñuq yakuwan	Mi madre enjuaga la cabeza de su bebé con agua caliente.	DIC-MINEDU-2005-524	[['mama[N]+ː[Poss.1Sg]'], ['llullu[N]+n[Poss.3]+pa[Gen]'], ['piqa[N]+n[Poss.3]+ta[Obj]'], ['awi[VTr]+n[3]'], ['quñuq[ADJ]'], ['yaku[N]+wan[Com]']]	[[('Mama', 'mama'), ('a', 'ː')], [('llullu', 'llullu'), ('n', 'n'), ('pa', 'pa')], [('piqa', 'piqa'), ('n', 'n'), ('ta', 'ta')], [('awi', 'awi'), ('n', 'n')], [('quñuq', 'quñuq')], [('yaku', 'yaku'), ('wan', 'wan')]]
Chakrapa qurpanchawmi kiswarta murushaq	Sembraré quishuar en el límite de la chacra.	DIC-MINEDU-2005-530	[['chakra[N]+pa[Gen]'], ['qurpa[N]+n[Poss.3]+chaw[Loc]+mi[Asrt]'], ['kiswar[N]+ta[Obj]'], ['muru[VTr]+shaq[Fut.1]']]	[[('Chakra', 'chakra'), ('pa', 'pa')], [('qurpa', 'qurpa'), ('n', 'n'), ('chaw', 'chaw'), ('mi', 'mi')], [('kiswar', 'kiswar'), ('ta', 'ta')], [('muru', 'muru'), ('shaq', 'shaq')]]
Rinrii tsaparaptinmi manam imatapis wiyaatsu	Cuando mis orejas están tapadas no escucho nada	DIC-MINEDU-2005-574	[['rinri[N]+ː[Poss.1Sg]'], ['tsapa[VTr]+raA[Dur]+pti[Cnv](N)+n[Poss.3]+mi[Asrt]'], ['mana[ADV]+mi[Asrt]'], ['ima[PRON]+ta[Obj]+pis(Pron.Indef)'], ['wiya[VTr]+ː[1]+tsu[Neg]']]	[[('Rinri', 'rinri'), ('i', 'ː')], [('tsapa', 'tsapa'), ('ra', 'raA'), ('pti', 'pti'), ('n', 'n'), ('mi', 'mi')], [('mana', 'mana'), ('m', 'mi')], [('ima', 'ima'), ('ta', 'ta')], [('wiya', 'wiya'), ('a', 'ː'), ('tsu', 'tsu')]]
Paykunaqa warka rutuychawmi qatswakuykaayan	Ellos están bailando durante el corte de pelo.	DIC-MINEDU-2005-779	[['paykuna[PRON.Prs]+qa[Top]'], ['warka[N]'], ['rutu[VTr]+y[Inf]+chaw[Loc]+mi[Asrt]'], ['qatswa[VInt]+kU[Refl/Mid]+YkaA[Prog]+yaA[Pl]+n[3]']]	[[('Paykuna', 'paykuna'), ('qa', 'qa')], [('warka', 'warka')], [('rutu', 'rutu'), ('y', 'y'), ('chaw', 'chaw'), ('mi', 'mi')], [('qatswa', 'qatswa'), ('ku', 'kU'), ('ykaa', 'YkaA'), ('ya', 'yaA'), ('n', 'n')]]
Hirkatam yana pukutay tsaparamun	El nubarrón cubre el cerro.	DIC-MINEDU-2005-852	[['hirka[N]+ta[Obj]+mi[Asrt]'], ['yana[ADJ]'], ['pukutay[N]'], ['tsapa[VTr]+rI[Pct]+mu[Cis]+n[3]']]	[[('Hirka', 'hirka'), ('ta', 'ta'), ('m', 'mi')], [('yana', 'yana')], [('pukutay', 'pukutay')], [('tsapa', 'tsapa'), ('ra', 'rI'), ('mu', 'mu'), ('n', 'n')]]
Payqa challwata mikunanpaq, charinanpaq hatun sachakunapitami yakuman pawaypa pintiykur yaku rurinchaw challwata piikunwan tsarin.	Martín pescador para pescar se lanza desde la rama de un árbol o arbusto y se zambulla dentro del agua para coger con su pico al pescado.	MP-ASH-088	[['pay[PRON.Prs]+qa[Top]'], ['challwa[N]+ta[Obj]'], ['miku[VTr]+na[Pot](N)+n[Poss.3]+paq[Ben]'], ['chaa[VTr]+rI[Pct]+na[Pot](N)+n[Poss.3]+paq[Ben]'], ['hatun[ADJ]'], ['sacha[N]+kuna[Pl]+pita[Abl]+mi[Asrt]'], ['yaku[N]+man[Dat]'], ['pawa[VInt]+y[Inf]+pa[Man](ADV)'], ['pinti[VInt]+yku[Intens]+r[Cnv](N)'], ['yaku[N]'], ['ruri[N]+n[Poss.3]+chaw[Loc]'], ['challwa[N]+ta[Obj]'], ['piiku[N]+n[Poss.3]+wan[Com]'], ['tsari[VTr]+n[3]']]	[[[('Pay', 'pay'), ('qa', 'qa')], [('challwa', 'challwa'), ('ta', 'ta')], [('miku', 'miku'), ('na', 'na'), ('n', 'n'), ('paq', 'paq')], [('cha', 'chaa'), ('ri', 'rI'), ('na', 'na'), ('n', 'n'), ('paq', 'paq')], [('hatun', 'hatun')], [('sacha', 'sacha'), ('kuna', 'kuna'), ('pita', 'pita'), ('mi', 'mi')], [('yaku', 'yaku'), ('man', 'man')], [('pawa', 'pawa'), ('y', 'y'), ('pa', 'pa')], [('pinti', 'pinti'), ('yku', 'yku'), ('r', 'r')], [('yaku', 'yaku')], [('ruri', 'ruri'), ('n', 'n'), ('chaw', 'chaw')], [('challwa', 'challwa'), ('ta', 'ta')], [('piiku', 'piiku'), ('n', 'n'), ('wan', 'wan')], [('tsari', 'tsari'), ('n', 'n')]]]
