TOKEN	MORPH	SEG_BME	LABEL
aywayashqaatapis	['Aywa', 'ya', 'shqa', 'a', 'ta', 'pis']	['D', 'M', 'M', 'F', 'D', 'F', 'D', 'M', 'M', 'F', 'U', 'D', 'F', 'D', 'M', 'F']	['VTr', 'Pl', 'Prf', 'Poss.1Sg', 'Obj', 'Coord']
pesakuyaami	['pesa', 'ku', 'ya', 'a', 'mi']	['D', 'M', 'M', 'F', 'D', 'F', 'D', 'F', 'U', 'D', 'F']	['V', 'Refl/Mid', 'Pl', '1', 'Asrt']
niyaanaq	['ni', 'yaa', 'naq']	['D', 'F', 'D', 'M', 'F', 'D', 'M', 'F']	['VTr', 'Pl', 'Rpst']
despwes	['Despwes']	['D', 'M', 'M', 'M', 'M', 'M', 'F']	['ADV']
almorsarikurnam	['almorsa', 'ri', 'ku', 'r', 'na', 'm']	['D', 'M', 'M', 'M', 'M', 'M', 'F', 'D', 'F', 'D', 'F', 'U', 'D', 'F', 'U']	['VInt', 'Pct', 'Intens', 'Cnv', 'Acp', 'Asrt']
padre	['padre']	['D', 'M', 'M', 'M', 'F']	['N']
guillermuwan	['Guillermu', 'wan']	['D', 'M', 'M', 'M', 'M', 'M', 'M', 'M', 'F', 'D', 'M', 'F']	['PROPN', 'Com']
wiyarayarqaa	['wiya', 'ra', 'ya', 'rqa', 'a']	['D', 'M', 'M', 'F', 'D', 'F', 'D', 'F', 'D', 'M', 'F', 'U']	['VTr', 'Pct', 'Pl', 'Pst', '1']
radyuchaw	['radyu', 'chaw']	['D', 'M', 'M', 'M', 'F', 'D', 'M', 'M', 'F']	['N', 'Loc']
mehikuchaw	['Mehiku', 'chaw']	['D', 'M', 'M', 'M', 'M', 'F', 'D', 'M', 'M', 'F']	['PROPN', 'Loc']
pukllaqkunata	['pukllaq', 'kuna', 'ta']	['D', 'M', 'M', 'M', 'M', 'M', 'F', 'D', 'M', 'M', 'F', 'D', 'F']	['N', 'Pl', 'Obj']
tsaynash	['Tsay', 'na', 'sh']	['D', 'M', 'M', 'F', 'D', 'F', 'D', 'F']	['PRON', 'Acp', 'Nfh']
rogarqunaq	['roga', 'rqu', 'naq']	['D', 'M', 'M', 'F', 'D', 'M', 'F', 'D', 'M', 'F']	['V', 'RecPst', 'Rpst']
felipeqa	['Felipe', 'qa']	['D', 'M', 'M', 'M', 'M', 'F', 'D', 'F']	['PROPN', 'Top']
kabutaqa	['kabu', 'ta', 'qa']	['D', 'M', 'M', 'F', 'D', 'F', 'D', 'F']	['N', 'Obj', 'Top']
señor	['Señor']	['D', 'M', 'M', 'M', 'F']	['N']
ama	['ama']	['D', 'M', 'F']	['ADV']
karselmanqa	['karsel', 'man', 'qa']	['D', 'M', 'M', 'M', 'M', 'F', 'D', 'M', 'F', 'D', 'F']	['N', 'Dat', 'Top']
pasatsimaytsu	['pasa', 'tsi', 'ma', 'y', 'tsu']	['D', 'M', 'M', 'F', 'D', 'M', 'F', 'D', 'F', 'U', 'D', 'M', 'F']	['VInt', 'Caus', '1.Obj', 'Imp.2', 'Neg']
tsaynam	['Tsay', 'na', 'm']	['D', 'M', 'M', 'F', 'D', 'F', 'U']	['PRON', 'Acp', 'Asrt']
patsa	['patsa']	['D', 'M', 'M', 'M', 'F']	['N']
ampiiriptin	['ampiiri', 'pti', 'n']	['D', 'M', 'M', 'M', 'M', 'M', 'F', 'D', 'M', 'F', 'U']	['VInt', 'Cnv', 'Poss.3']
nuqana	['nuqa', 'na']	['D', 'M', 'M', 'F', 'D', 'F']	['PRON.Prs', 'Acp']
sendirqaa	['sendi', 'rqa', 'a']	['D', 'M', 'M', 'M', 'F', 'D', 'M', 'F', 'U']	['VTr', 'Pst', '1']
hatun	['hatun']	['D', 'M', 'M', 'M', 'F']	['ADJ']
linternaata	['linterna', 'a', 'ta']	['D', 'M', 'M', 'M', 'M', 'M', 'M', 'F', 'U', 'D', 'F']	['N', 'Poss.1', 'Obj']
i	['I']	['U']	['CCONJ']
manam	['mana', 'm']	['D', 'M', 'M', 'F', 'U']	['ADV', 'Asrt']
paypita	['pay', 'pita']	['D', 'M', 'F', 'D', 'M', 'M', 'F']	['PRON.Prs', 'Abl']
ni	['ni']	['D', 'F']	['ADV']
pi	['pi']	['D', 'F']	['PRON']
eskapankitsu	['eskapa', 'nki', 'tsu']	['D', 'M', 'M', 'M', 'M', 'F', 'D', 'M', 'F', 'D', 'M', 'F']	['VInt', '2', 'Neg']
las	['Las']	['D', 'M', 'F']	['DET']
onse	['onse']	['D', 'M', 'M', 'F']	['NUM.Card']
de	['de']	['D', 'F']	['ADP']
la	['la']	['D', 'F']	['DET']
mañana	['mañana']	['D', 'M', 'M', 'M', 'M', 'F']	['N']
misa	['misa']	['D', 'M', 'M', 'F']	['N']
de	['de']	['D', 'F']	['ADP']
fyesta	['fyesta']	['D', 'M', 'M', 'M', 'M', 'F']	['N']
karqan	['ka', 'rqa', 'n']	['D', 'F', 'D', 'M', 'F', 'U']	['AUX', 'Pst', '3']
lehyon	['Lehyon']	['D', 'M', 'M', 'M', 'M', 'F']	['N']
de	['de']	['D', 'F']	['ADP']
mariata	['Maria', 'ta']	['D', 'M', 'M', 'M', 'F', 'D', 'F']	['PROPN', 'Obj']
hundayta	['hunda', 'y', 'ta']	['D', 'M', 'M', 'M', 'F', 'U', 'D', 'F']	['VTr', 'Inf', 'Obj']
munarmi	['muna', 'r', 'mi']	['D', 'M', 'M', 'F', 'U', 'D', 'F']	['VTr', 'Cnv', 'Asrt']
permisuta	['permisu', 'ta']	['D', 'M', 'M', 'M', 'M', 'M', 'F', 'D', 'F']	['N', 'Obj']
mañarqaa	['maña', 'rqa', 'a']	['D', 'M', 'M', 'F', 'D', 'M', 'F', 'U']	['VTr', 'Pst', '1']
señor	['señor']	['D', 'M', 'M', 'M', 'F']	['N']
obisputa	['obispu', 'ta']	['D', 'M', 'M', 'M', 'M', 'F', 'D', 'F']	['N', 'Obj']
minero	['Minero']	['D', 'M', 'M', 'M', 'M', 'F']	['N']
runakunawan	['runa', 'kuna', 'wan']	['D', 'M', 'M', 'F', 'D', 'M', 'M', 'F', 'D', 'M', 'F']	['N', 'Pl', 'Com']
parlarirnam	['parla', 'ri', 'r', 'na', 'm']	['D', 'M', 'M', 'M', 'F', 'D', 'F', 'U', 'D', 'F', 'U']	['VInt', 'Pct', 'Cnv', 'Acp', 'Asrt']
contrato	['contrato']	['D', 'M', 'M', 'M', 'M', 'M', 'M', 'F']	['N']
nishqan	['ni', 'shqa', 'n']	['D', 'F', 'D', 'M', 'M', 'F', 'U']	['VTr', 'Prf', 'Poss.3']
papelta	['papel', 'ta']	['D', 'M', 'M', 'M', 'F', 'D', 'F']	['N', 'Obj']
qillqariyarqan	['qillqa', 'ri', 'ya', 'rqa', 'n']	['D', 'M', 'M', 'M', 'M', 'F', 'D', 'F', 'D', 'F', 'D', 'M', 'F', 'U']	['VTr', 'Pct', 'Pl', 'Pst', '3']
chaariyaa	['Chaa', 'ri', 'ya', 'a']	['D', 'M', 'M', 'F', 'D', 'F', 'D', 'F', 'U']	['VTr', 'Pct', 'Pl', '1']
kasi	['kasi']	['D', 'M', 'M', 'F']	['ADV']
la	['la']	['D', 'F']	['DET']
una	['una']	['D', 'M', 'F']	['NUM.Card']
de	['de']	['D', 'F']	['ADP']
la	['la']	['D', 'F']	['DET']
tardinawlla	['tardi', 'naw', 'lla']	['D', 'M', 'M', 'M', 'F', 'D', 'M', 'F', 'D', 'M', 'F']	['N', 'Equ', 'Lim']
sonsuqa	['Sonsu', 'qa']	['D', 'M', 'M', 'M', 'F', 'D', 'F']	['N', 'Top']
nin	['ni', 'n']	['D', 'F', 'U']	['VTr', '3']
maytaq	['May', 'taq']	['D', 'M', 'F', 'D', 'M', 'F']	['PRON', 'Ctrs']
dokumentu	['dokumentu']	['D', 'M', 'M', 'M', 'M', 'M', 'M', 'M', 'F']	['N']
uusham	['Uusha', 'm']	['D', 'M', 'M', 'M', 'F', 'U']	['N', 'Asrt']
kinraykan	['kinra', 'yka', 'n']	['D', 'M', 'M', 'M', 'F', 'D', 'M', 'F', 'U']	['VInt', 'Prog', '3']
qiwaman	['qiwa', 'man']	['D', 'M', 'M', 'F', 'D', 'M', 'F']	['N', 'Dat']
tsaynam	['Tsay', 'na', 'm']	['D', 'M', 'M', 'F', 'D', 'F', 'U']	['PRON', 'Acp', 'Asrt']
diskulpakurqan	['diskulpa', 'ku', 'rqa', 'n']	['D', 'M', 'M', 'M', 'M', 'M', 'M', 'F', 'D', 'F', 'D', 'M', 'F', 'U']	['VTr', 'Refl/Mid', 'Pst', '3']
manam	['Mana', 'm']	['D', 'M', 'M', 'F', 'U']	['ADV', 'Asrt']
ni	['ni']	['D', 'F']	['ADV']
pi	['pi']	['D', 'F']	['PRON']
kichayaamarqatsu	['kicha', 'yaa', 'ma', 'rqa', 'tsu']	['D', 'M', 'M', 'M', 'F', 'D', 'M', 'F', 'D', 'F', 'D', 'M', 'F', 'D', 'M', 'F']	['VTr', 'Pl', '1.Obj', 'Pst', 'Neg']
niyaptii	['ni', 'ya', 'pti', 'i']	['D', 'F', 'D', 'F', 'D', 'M', 'F', 'U']	['VTr', 'Pl', 'Cnv', 'Poss.1Sg']
imanaw	['Imanaw']	['D', 'M', 'M', 'M', 'M', 'F']	['ADV']
aykanawpis	['aykanaw', 'pis']	['D', 'M', 'M', 'M', 'M', 'M', 'F', 'D', 'M', 'F']	['ADV', 'Coord']
puntata	['punta', 'ta']	['D', 'M', 'M', 'M', 'F', 'D', 'F']	['N', 'Obj']
waqtariyarqaa	['waqta', 'ri', 'ya', 'rqa', 'a']	['D', 'M', 'M', 'M', 'F', 'D', 'F', 'D', 'F', 'D', 'M', 'F', 'U']	['VInt', 'Pct', 'Pl', 'Pst', '1']
yachaywayichawmi	['Yachaywayi', 'chaw', 'mi']	['D', 'M', 'M', 'M', 'M', 'M', 'M', 'M', 'M', 'F', 'D', 'M', 'M', 'F', 'D', 'F']	['N', 'Loc', 'Asrt']
wamrakuna	['wamra', 'kuna']	['D', 'M', 'M', 'M', 'F', 'D', 'M', 'M', 'F']	['N', 'Pl']
librunkunata	['libru', 'n', 'kuna', 'ta']	['D', 'M', 'M', 'M', 'F', 'U', 'D', 'M', 'M', 'F', 'D', 'F']	['N', 'Poss.3', 'Pl', 'Obj']
ñawitsaykaayan	['ñawi', 'tsa', 'ykaa', 'ya', 'n']	['D', 'M', 'M', 'F', 'D', 'M', 'F', 'D', 'M', 'M', 'F', 'D', 'F', 'U']	['N', 'Transl', 'Prog', 'Pl', '3']
tsaychawmi	['Tsay', 'chaw', 'mi']	['D', 'M', 'M', 'F', 'D', 'M', 'M', 'F', 'D', 'F']	['PRON', 'Loc', 'Asrt']
awtu	['awtu']	['D', 'M', 'M', 'F']	['N']
pararirqan	['para', 'ri', 'rqa', 'n']	['D', 'M', 'M', 'F', 'D', 'F', 'D', 'M', 'F', 'U']	['V', 'Pct', 'Pst', '3']
lunchita	['lunchi', 'ta']	['D', 'M', 'M', 'M', 'M', 'F', 'D', 'F']	['N', 'Obj']
upuyaanaqpaq	['upu', 'yaa', 'na', 'q', 'paq']	['D', 'M', 'F', 'D', 'M', 'F', 'D', 'F', 'U', 'D', 'M', 'F']	['VTr', 'Pl', 'Pot', 'Agt', 'Ben']
ashnum	['Ashnu', 'm']	['D', 'M', 'M', 'M', 'F', 'U']	['N', 'Asrt']
tahu	['tahu']	['D', 'M', 'M', 'F']	['ADJ']
cebadata	['cebada', 'ta']	['D', 'M', 'M', 'M', 'M', 'F', 'D', 'F']	['N', 'Obj']
mikuykan	['miku', 'yka', 'n']	['D', 'M', 'M', 'F', 'D', 'M', 'F', 'U']	['VTr', 'Prog', '3']
tsaynam	['Tsay', 'na', 'm']	['D', 'M', 'M', 'F', 'D', 'F', 'U']	['PRON', 'Acp', 'Asrt']
wamraqa	['wamra', 'qa']	['D', 'M', 'M', 'M', 'F', 'D', 'F']	['N', 'Top']
aywar	['aywa', 'r']	['D', 'M', 'M', 'F', 'U']	['VTr', 'Cnv']
tesoreruta	['tesoreru', 'ta']	['D', 'M', 'M', 'M', 'M', 'M', 'M', 'F', 'D', 'F']	['N', 'Obj']
willaramunaq	['willa', 'ra', 'mu', 'naq']	['D', 'M', 'M', 'M', 'F', 'D', 'F', 'D', 'F', 'D', 'M', 'F']	['VTr', 'Pct', 'Cis', 'Rpst']
treintiuno	['Treintiuno']	['D', 'M', 'M', 'M', 'M', 'M', 'M', 'M', 'M', 'F']	['NUM.Card']
de	['de']	['D', 'F']	['ADP']
agosto	['agosto']	['D', 'M', 'M', 'M', 'M', 'F']	['N']
san	['San']	['D', 'M', 'F']	['N']
santiago	['Santiago']	['D', 'M', 'M', 'M', 'M', 'M', 'M', 'F']	['PROPN']
mayor	['Mayor']	['D', 'M', 'M', 'M', 'F']	['PROPN']
tsayllaman	['Tsay', 'lla', 'man']	['D', 'M', 'M', 'F', 'D', 'M', 'F', 'D', 'M', 'F']	['PRON', 'Lim', 'Dat']
asistiyaanaq	['asisti', 'yaa', 'naq']	['D', 'M', 'M', 'M', 'M', 'F', 'D', 'M', 'F', 'D', 'M', 'F']	['VInt', 'Pl', 'Rpst']
qanchis	['qanchis']	['D', 'M', 'M', 'M', 'M', 'M', 'F']	['NUM.Card']
nuna	['nuna']	['D', 'M', 'M', 'F']	['N']
tsayshi	['Tsay', 'shi']	['D', 'M', 'M', 'F', 'D', 'M', 'F']	['PRON', 'Nfh']
patsa	['patsa']	['D', 'M', 'M', 'M', 'F']	['N']
waraariptin	['waraa', 'ri', 'pti', 'n']	['D', 'M', 'M', 'M', 'F', 'D', 'F', 'D', 'M', 'F', 'U']	['VInt', 'Pct', 'Cnv', 'Poss.3']
kuntuta	['kuntu', 'ta']	['D', 'M', 'M', 'M', 'F', 'D', 'F']	['N', 'Obj']
rikaarinaq	['rikaa', 'ri', 'naq']	['D', 'M', 'M', 'M', 'F', 'D', 'F', 'D', 'M', 'F']	['VTr', 'Pct', 'Rpst']
i	['I']	['U']	['CCONJ']
despwesna	['despwes', 'na']	['D', 'M', 'M', 'M', 'M', 'M', 'F', 'D', 'F']	['ADV', 'Acp']
padrinu	['padrinu']	['D', 'M', 'M', 'M', 'M', 'M', 'F']	['N']
qatswan	['qatswa', 'n']	['D', 'M', 'M', 'M', 'M', 'F', 'U']	['VInt', '3']
nobyawan	['nobya', 'wan']	['D', 'M', 'M', 'M', 'F', 'D', 'M', 'F']	['N', 'Com']
iglesya	['Iglesya']	['D', 'M', 'M', 'M', 'M', 'M', 'F']	['N']
parokyal	['parokyal']	['D', 'M', 'M', 'M', 'M', 'M', 'M', 'F']	['ADJ']
frentinchaw	['frenti', 'n', 'chaw']	['D', 'M', 'M', 'M', 'M', 'F', 'U', 'D', 'M', 'M', 'F']	['N', 'Poss.3', 'Loc']
yarpuriyarqaa	['yarpu', 'ri', 'ya', 'rqa', 'a']	['D', 'M', 'M', 'M', 'F', 'D', 'F', 'D', 'F', 'D', 'M', 'F', 'U']	['VInt', 'Pct', 'Pl', 'Pst', '1']
llapaa	['Llapa', 'a']	['D', 'M', 'M', 'M', 'F', 'U']	['PRON', 'Poss.1Sg']
apukunam	['Apu', 'kuna', 'm']	['D', 'M', 'F', 'D', 'M', 'M', 'F', 'U']	['N', 'Pl', 'Asrt']
rikaraykayaa	['rika', 'ra', 'yka', 'ya', 'a']	['D', 'M', 'M', 'F', 'D', 'F', 'D', 'M', 'F', 'D', 'F', 'U']	['VTr', 'Dur', 'Prog', 'Pl', '1']
wamra	['Wamra']	['D', 'M', 'M', 'M', 'F']	['N']
yaykun	['yayku', 'n']	['D', 'M', 'M', 'M', 'F', 'U']	['VTr', '3']
yakuman	['yaku', 'man']	['D', 'M', 'M', 'F', 'D', 'M', 'F']	['N', 'Dat']
qunqurinyaq	['qunquri', 'n', 'yaq']	['D', 'M', 'M', 'M', 'M', 'M', 'F', 'U', 'D', 'M', 'F']	['N', 'Poss.3', 'Ter']
waraytaami	['Waray', 'taa', 'mi']	['D', 'M', 'M', 'M', 'F', 'D', 'M', 'F', 'D', 'F']	['N', 'Ctrs', 'Asrt']
qallatsillaa	['qalla', 'tsi', 'lla', 'a']	['D', 'M', 'M', 'M', 'F', 'D', 'M', 'F', 'D', 'M', 'F', 'U']	['V', 'Caus', 'Lim', '1']
porfin	['Porfin']	['D', 'M', 'M', 'M', 'M', 'F']	['ADV']
chaariyarqaa	['chaa', 'ri', 'ya', 'rqa', 'a']	['D', 'M', 'M', 'F', 'D', 'F', 'D', 'F', 'D', 'M', 'F', 'U']	['VTr', 'Pct', 'Pl', 'Pst', '1']
pampa	['Pampa']	['D', 'M', 'M', 'M', 'F']	['N']
de	['de']	['D', 'F']	['ADP']
huninman	['Hunin', 'man']	['D', 'M', 'M', 'M', 'F', 'D', 'M', 'F']	['PROPN', 'Dat']
wawqiimi	['Wawqi', 'i', 'mi']	['D', 'M', 'M', 'M', 'F', 'U', 'D', 'F']	['N', 'Poss.1Sg', 'Asrt']
kasamintuman	['kasamintu', 'man']	['D', 'M', 'M', 'M', 'M', 'M', 'M', 'M', 'F', 'D', 'M', 'F']	['N', 'Dat']
aywashqa	['aywa', 'shqa']	['D', 'M', 'M', 'F', 'D', 'M', 'M', 'F']	['VTr', 'Prf']
hiluta	['Hilu', 'ta']	['D', 'M', 'M', 'F', 'D', 'F']	['N', 'Obj']
madihantsikmi	['madiha', 'ntsik', 'mi']	['D', 'M', 'M', 'M', 'M', 'F', 'D', 'M', 'M', 'M', 'F', 'D', 'F']	['VTr', '1Pl.Inc', 'Asrt']
tiñinapaq	['tiñi', 'na', 'paq']	['D', 'M', 'M', 'F', 'D', 'F', 'D', 'M', 'F']	['V', 'Pot', 'Ben']
nunakunam	['Nuna', 'kuna', 'm']	['D', 'M', 'M', 'F', 'D', 'M', 'M', 'F', 'U']	['N', 'Pl', 'Asrt']
siwada	['siwada']	['D', 'M', 'M', 'M', 'M', 'F']	['N']
ayllupakuychaw	['ayllu', 'pa', 'ku', 'y', 'chaw']	['D', 'M', 'M', 'M', 'F', 'D', 'F', 'D', 'F', 'U', 'D', 'M', 'M', 'F']	['VTr', 'Exc', 'Refl/Mid', 'Inf', 'Loc']
hurkitawan	['hurkita', 'wan']	['D', 'M', 'M', 'M', 'M', 'M', 'F', 'D', 'M', 'F']	['N', 'Com']
pajata	['paja', 'ta']	['D', 'M', 'M', 'F', 'D', 'F']	['N', 'Obj']
tikrayan	['tikra', 'ya', 'n']	['D', 'M', 'M', 'M', 'F', 'D', 'F', 'U']	['VTr', 'Pl', '3']
tsaypitanam	['Tsay', 'pita', 'na', 'm']	['D', 'M', 'M', 'F', 'D', 'M', 'M', 'F', 'D', 'F', 'U']	['PRON', 'Abl', 'Acp', 'Asrt']
karapu	['Karapu']	['D', 'M', 'M', 'M', 'M', 'F']	['PROPN']
markaqa	['marka', 'qa']	['D', 'M', 'M', 'M', 'F', 'D', 'F']	['N', 'Top']
quchaman	['qucha', 'man']	['D', 'M', 'M', 'M', 'F', 'D', 'M', 'F']	['N', 'Dat']
tikrashqa	['tikra', 'shqa']	['D', 'M', 'M', 'M', 'F', 'D', 'M', 'M', 'F']	['VTr', 'Prf']
kaykan	['ka', 'yka', 'n']	['D', 'F', 'D', 'M', 'F', 'U']	['AUX', 'Prog', '3']
aywayashqaatapis	['Aywa', 'ya', 'shqa', 'a', 'ta', 'pis']	['D', 'M', 'M', 'F', 'D', 'F', 'D', 'M', 'M', 'F', 'U', 'D', 'F', 'D', 'M', 'F']	['VTr', 'Pl', 'Prf', 'Poss.1Sg', 'Obj', 'Coord']
pesakuyaami	['pesa', 'ku', 'ya', 'a', 'mi']	['D', 'M', 'M', 'F', 'D', 'F', 'D', 'F', 'U', 'D', 'F']	['V', 'Refl/Mid', 'Pl', '1', 'Asrt']
niyaanaq	['ni', 'yaa', 'naq']	['D', 'F', 'D', 'M', 'F', 'D', 'M', 'F']	['VTr', 'Pl', 'Rpst']
tsaynam	['Tsay', 'na', 'm']	['D', 'M', 'M', 'F', 'D', 'F', 'U']	['PRON', 'Acp', 'Asrt']
lus	['lus']	['D', 'M', 'F']	['N']
rawraykaptin	['rawra', 'yka', 'pti', 'n']	['D', 'M', 'M', 'M', 'F', 'D', 'M', 'F', 'D', 'M', 'F', 'U']	['VInt', 'Prog', 'Cnv', 'Poss.3']
punkuta	['punku', 'ta']	['D', 'M', 'M', 'M', 'F', 'D', 'F']	['N', 'Obj']
tsaktakurqaa	['tsakta', 'ku', 'rqa', 'a']	['D', 'M', 'M', 'M', 'M', 'F', 'D', 'F', 'D', 'M', 'F', 'U']	['VTr', 'Refl/Mid', 'Pst', '1']
tsaynam	['Tsay', 'na', 'm']	['D', 'M', 'M', 'F', 'D', 'F', 'U']	['PRON', 'Acp', 'Asrt']
ofisyuta	['ofisyu', 'ta']	['D', 'M', 'M', 'M', 'M', 'F', 'D', 'F']	['N', 'Obj']
entregariptii	['entrega', 'ri', 'pti', 'i']	['D', 'M', 'M', 'M', 'M', 'M', 'F', 'D', 'F', 'D', 'M', 'F', 'U']	['VTr', 'Pct', 'Cnv', 'Poss.1']
ni	['ni']	['D', 'F']	['ADV']
sikyera	['sikyera']	['D', 'M', 'M', 'M', 'M', 'M', 'F']	['ADV']
ni	['ni']	['D', 'F']	['ADV']
leyinllapistsu	['leyi', 'n', 'lla', 'pis', 'tsu']	['D', 'M', 'M', 'F', 'U', 'D', 'M', 'F', 'D', 'M', 'F', 'D', 'M', 'F']	['VTr', '3', 'Lim', 'Coord', 'Neg']
manam	['Mana', 'm']	['D', 'M', 'M', 'F', 'U']	['ADV', 'Asrt']
watatsarqaraqtsu	['wata', 'tsa', 'rqa', 'raq', 'tsu']	['D', 'M', 'M', 'F', 'D', 'M', 'F', 'D', 'M', 'F', 'D', 'M', 'F', 'D', 'M', 'F']	['N', 'Transl', 'Pst', 'Inacp', 'Neg']
inawgurakushqan	['inawgura', 'ku', 'shqa', 'n']	['D', 'M', 'M', 'M', 'M', 'M', 'M', 'F', 'D', 'F', 'D', 'M', 'M', 'F', 'U']	['VTr', 'Refl/Mid', 'Prf', 'Poss.3']
wawqiiqa	['Wawqi', 'i', 'qa']	['D', 'M', 'M', 'M', 'F', 'U', 'D', 'F']	['N', 'Poss.1Sg', 'Top']
ñuspillaran	['ñuspi', 'lla', 'ran']	['D', 'M', 'M', 'M', 'F', 'D', 'M', 'F', 'D', 'M', 'F']	['N', 'Lim', 'Inacp']
kaykan	['ka', 'yka', 'n']	['D', 'F', 'D', 'M', 'F', 'U']	['AUX', 'Prog', '3']
qillqashqa	['Qillqa', 'shqa']	['D', 'M', 'M', 'M', 'M', 'F', 'D', 'M', 'M', 'F']	['VTr', 'Prf']
papelninkunata	['papel', 'ni', 'n', 'kuna', 'ta']	['D', 'M', 'M', 'M', 'F', 'D', 'F', 'U', 'D', 'M', 'M', 'F', 'D', 'F']	['N', '0', 'Poss.3', 'Pl', 'Obj']
rikaarirmi	['rikaa', 'ri', 'r', 'mi']	['D', 'M', 'M', 'M', 'F', 'D', 'F', 'U', 'D', 'F']	['VTr', 'Pct', 'Cnv', 'Asrt']
awtaq	['aw', 'taq']	['D', 'F', 'D', 'M', 'F']	['INTJ', 'Ctrs']
niyarqan	['ni', 'ya', 'rqa', 'n']	['D', 'F', 'D', 'F', 'D', 'M', 'F', 'U']	['VTr', 'Pl', 'Pst', '3']
dirigentikuna	['dirigenti', 'kuna']	['D', 'M', 'M', 'M', 'M', 'M', 'M', 'M', 'F', 'D', 'M', 'M', 'F']	['N', 'Pl']
llapampitam	['Llapa', 'm', 'pita', 'm']	['D', 'M', 'M', 'M', 'F', 'U', 'D', 'M', 'M', 'F', 'U']	['PRON', 'Poss.3', 'Abl', 'Asrt']
librarirquntsik	['libra', 'ri', 'rqu', 'ntsik']	['D', 'M', 'M', 'M', 'F', 'D', 'F', 'D', 'M', 'F', 'D', 'M', 'M', 'M', 'F']	['VTr', 'Pct', 'RecPst', '1Pl.Inc']
tsaynash	['Tsay', 'na', 'sh']	['D', 'M', 'M', 'F', 'D', 'F', 'D', 'F']	['PRON', 'Acp', 'Nfh']
sonsuqa	['sonsu', 'qa']	['D', 'M', 'M', 'M', 'F', 'D', 'F']	['N', 'Top']
kalyentina	['kalyenti', 'na']	['D', 'M', 'M', 'M', 'M', 'M', 'M', 'F', 'D', 'F']	['ADJ', 'Acp']
kombanta	['komba', 'n', 'ta']	['D', 'M', 'M', 'M', 'F', 'U', 'D', 'F']	['N', 'Poss.3', 'Obj']
pallarkur	['palla', 'rku', 'r']	['D', 'M', 'M', 'M', 'F', 'D', 'M', 'F', 'U']	['VTr', 'Edu', 'Cnv']
wiluykurqunaq	['wilu', 'yku', 'rqu', 'naq']	['D', 'M', 'M', 'F', 'D', 'M', 'F', 'D', 'M', 'F', 'D', 'M', 'F']	['VTr', 'Intens', 'RecPst', 'Rpst']
matankanchaw	['matanka', 'n', 'chaw']	['D', 'M', 'M', 'M', 'M', 'M', 'F', 'U', 'D', 'M', 'M', 'F']	['N', 'Poss.3', 'Loc']
dyablutaqa	['dyablu', 'ta', 'qa']	['D', 'M', 'M', 'M', 'M', 'F', 'D', 'F', 'D', 'F']	['N', 'Obj', 'Top']
aywaa	['Aywa', 'a']	['D', 'M', 'M', 'F', 'U']	['VTr', '1']
uryapukaramushaq	['urya', 'pu', 'ka', 'ra', 'mu', 'shaq']	['D', 'M', 'M', 'F', 'D', 'F', 'D', 'F', 'D', 'F', 'D', 'F', 'D', 'M', 'M', 'F']	['VInt', 'Apl', 'Refl/Mid', 'Pct', 'Cis', 'Fut.1']
imanawpapis	['Imanaw', 'pa', 'pis']	['D', 'M', 'M', 'M', 'M', 'F', 'D', 'F', 'D', 'M', 'F']	['ADV', 'Man', 'Coord']
yaykurqaami	['yayku', 'rqa', 'a', 'mi']	['D', 'M', 'M', 'M', 'F', 'D', 'M', 'F', 'U', 'D', 'F']	['VTr', 'Pst', '1', 'Asrt']
punuyninkunaman	['punu', 'y', 'ni', 'n', 'kuna', 'man']	['D', 'M', 'M', 'F', 'U', 'D', 'F', 'U', 'D', 'M', 'M', 'F', 'D', 'M', 'F']	['VInt', 'Inf', '0', 'Poss.3', 'Pl', 'Dat']
talbesnash	['Talbes', 'na', 'sh']	['D', 'M', 'M', 'M', 'M', 'F', 'D', 'F', 'D', 'F']	['ADV', 'Acp', 'Nfh']
tapuyan	['tapu', 'ya', 'n']	['D', 'M', 'M', 'F', 'D', 'F', 'U']	['VTr', 'Pl', '3']
maría	['María']	['D', 'M', 'M', 'M', 'F']	['PROPN']
koka	['Koka']	['D', 'M', 'M', 'F']	['PROPN']
willamay	['willa', 'ma', 'y']	['D', 'M', 'M', 'M', 'F', 'D', 'F', 'U']	['VTr', '1.Obj', 'Imp.2']
qishyashaqku	['qishya', 'shaq', 'ku']	['D', 'M', 'M', 'M', 'M', 'F', 'D', 'M', 'M', 'F', 'D', 'F']	['VInt', 'Fut.1', 'Inter']
o	['o']	['U']	['CCONJ']
yamayllaku	['yamay', 'lla', 'ku']	['D', 'M', 'M', 'M', 'F', 'D', 'M', 'F', 'D', 'F']	['ADV', 'Lim', 'Inter']
kashaq	['ka', 'shaq']	['D', 'F', 'D', 'M', 'M', 'F']	['AUX', 'Fut.1']
pampa	['Pampa']	['D', 'M', 'M', 'M', 'F']	['N']
de	['de']	['D', 'F']	['ADP']
huninman	['Hunin', 'man']	['D', 'M', 'M', 'M', 'F', 'D', 'M', 'F']	['PROPN', 'Dat']
chaariyarqaa	['chaa', 'ri', 'ya', 'rqa', 'a']	['D', 'M', 'M', 'F', 'D', 'F', 'D', 'F', 'D', 'M', 'F', 'U']	['VTr', 'Pct', 'Pl', 'Pst', '1']
tamya	['tamya']	['D', 'M', 'M', 'M', 'F']	['N']
pasarishqa	['pasa', 'ri', 'shqa']	['D', 'M', 'M', 'F', 'D', 'F', 'D', 'M', 'M', 'F']	['VInt', 'Pct', 'Prf']
veta	['Veta']	['D', 'M', 'M', 'F']	['UNK']
llanuyanqanmannawmi	['llanu', 'ya', 'nqa', 'n', 'man', 'naw', 'mi']	['D', 'M', 'M', 'M', 'F', 'D', 'F', 'D', 'M', 'F', 'U', 'D', 'M', 'F', 'D', 'M', 'F', 'D', 'F']	['ADJ', 'Transf', 'Sub', 'Poss.3', 'Dat', 'Equ', 'Asrt']
qillayniipis	['qillay', 'ni', 'i', 'pis']	['D', 'M', 'M', 'M', 'M', 'F', 'D', 'F', 'U', 'D', 'M', 'F']	['N',  '0', 'Poss.1Sg', 'Coord']
karutsarqa	['karu', 'tsa', 'rqa']	['D', 'M', 'M', 'F', 'D', 'M', 'F', 'D', 'M', 'F']	['ADJ', 'Transl', 'Pst']
warmikunam	['Warmi', 'kuna', 'm']	['D', 'M', 'M', 'M', 'F', 'D', 'M', 'M', 'F', 'U']	['N', 'Pl', 'Asrt']
triiguta	['triigu', 'ta']	['D', 'M', 'M', 'M', 'M', 'F', 'D', 'F']	['N', 'Obj']
llushtaykaayan	['llushta', 'ykaa', 'ya', 'n']	['D', 'M', 'M', 'M', 'M', 'M', 'F', 'D', 'M', 'M', 'F', 'D', 'F', 'U']	['VTr', 'Prog', 'Pl', '3']
mayuchaw	['mayu', 'chaw']	['D', 'M', 'M', 'F', 'D', 'M', 'M', 'F']	['N', 'Loc']
allitam	['Alli', 'ta', 'm']	['D', 'M', 'M', 'F', 'D', 'F', 'U']	['ADV', 'Obj', 'Asrt']
nirinki	['ni', 'ri', 'nki']	['D', 'F', 'D', 'F', 'D', 'M', 'F']	['VTr', 'Pct', '2']
nir	['ni', 'r']	['D', 'F', 'U']	['VTr', 'Cnv']
hurqaramunaq	['hurqa', 'ra', 'mu', 'naq']	['D', 'M', 'M', 'M', 'F', 'D', 'F', 'D', 'F', 'D', 'M', 'F']	['VTr', 'Pct', 'Cis', 'Rpst']
bolsillumpita	['bolsillu', 'm', 'pita']	['D', 'M', 'M', 'M', 'M', 'M', 'M', 'F', 'U', 'D', 'M', 'M', 'F']	['N', 'Poss.3', 'Abl']
kadenata	['kadena', 'ta']	['D', 'M', 'M', 'M', 'M', 'F', 'D', 'F']	['N', 'Obj']
papaanii	['Papaa', 'ni', 'i']	['D', 'M', 'M', 'M', 'F', 'D', 'F', 'U']	['N',  '0', 'Poss.1Sg']
don	['don']	['D', 'M', 'F']	['N']
valentín	['Valentín']	['D', 'M', 'M', 'M', 'M', 'M', 'M', 'F']	['PROPN']
bruno	['Bruno']	['D', 'M', 'M', 'M', 'F']	['PROPN']
i	['i']	['U']	['CCONJ']
mamaanii	['mamaa', 'ni', 'i']	['D', 'M', 'M', 'M', 'F', 'D', 'F', 'U']	['N',  '0', 'Poss.1Sg']
doña	['doña']	['D', 'M', 'M', 'F']	['N']
espírita	['Espírita']	['D', 'M', 'M', 'M', 'M', 'M', 'M', 'F']	['PROPN']
quispe	['Quispe']	['D', 'M', 'M', 'M', 'M', 'F']	['PROPN']
awkinmi	['Awkin', 'mi']	['D', 'M', 'M', 'M', 'F', 'D', 'F']	['N', 'Asrt']
uraykaamun	['ura', 'ykaa', 'mu', 'n']	['D', 'M', 'F', 'D', 'M', 'M', 'F', 'D', 'F', 'U']	['VInt', 'Prog', 'Cis', '3']
markapita	['marka', 'pita']	['D', 'M', 'M', 'M', 'F', 'D', 'M', 'M', 'F']	['N', 'Abl']
tsayran	['Tsayran']	['D', 'M', 'M', 'M', 'M', 'M', 'F']	['ADV']
kedayarqaa	['keda', 'ya', 'rqa', 'a']	['D', 'M', 'M', 'F', 'D', 'F', 'D', 'M', 'F', 'U']	['VInt', 'Pl', 'Pst', '1']
trankilu	['trankilu']	['D', 'M', 'M', 'M', 'M', 'M', 'M', 'F']	['ADJ']
tsaynash	['Tsay', 'na', 'sh']	['D', 'M', 'M', 'F', 'D', 'F', 'D', 'F']	['PRON', 'Acp', 'Nfh']
nirqunaq	['ni', 'rqu', 'naq']	['D', 'F', 'D', 'M', 'F', 'D', 'M', 'F']	['VTr', 'RecPst', 'Rpst']
bwenu	['Bwenu']	['D', 'M', 'M', 'M', 'F']	['INTJ']
shamushaqmi	['shamu', 'shaq', 'mi']	['D', 'M', 'M', 'M', 'F', 'D', 'M', 'M', 'F', 'D', 'F']	['VTr', 'Fut.1', 'Asrt']
tal	['tal']	['D', 'M', 'F']	['DET']
diya	['diya']	['D', 'M', 'M', 'F']	['N']
tsaypitam	['Tsay', 'pita', 'm']	['D', 'M', 'M', 'F', 'D', 'M', 'M', 'F', 'U']	['PRON', 'Abl', 'Asrt']
las	['las']	['D', 'M', 'F']	['DET']
seisnawna	['seis', 'naw', 'na']	['D', 'M', 'M', 'F', 'D', 'M', 'F', 'D', 'F']	['NUM.Card', 'Equ', 'Acp']
pasakuyarqaa	['pasa', 'ku', 'ya', 'rqa', 'a']	['D', 'M', 'M', 'F', 'D', 'F', 'D', 'F', 'D', 'M', 'F', 'U']	['VInt', 'Refl/Mid', 'Pl', 'Pst', '1']
sellama	['sellama']	['D', 'M', 'M', 'M', 'M', 'M', 'F']	['ADV']
tamya	['tamya']	['D', 'M', 'M', 'M', 'F']	['N']
puqllallakuykaqta	['puqlla', 'lla', 'ku', 'yka', 'q', 'ta']	['D', 'M', 'M', 'M', 'M', 'F', 'D', 'M', 'F', 'D', 'F', 'D', 'M', 'F', 'U', 'D', 'F']	['VInt', 'Lim', 'Refl/Mid', 'Prog', 'Agt', 'Obj']
